Název,IČO,Zřizovatel,Bezbariérovost,Poznámka k bezbariérovosti,Typ muzea,Zaměření muzea,Název vyššího územního samosprávného celku,Kód vyššího územního samosprávného celku dle číselníku ČSÚ,Název okresu,Kód okresu dle číselníku ČSÚ,Název správního obvodu obce s rozšířenou působností,Kód správního obvodu obce s rozšířenou působností dle číselníku ČSÚ,Název obce,Kód obce dle číselníku ČSÚ,Název ulice,Číslo popisné nebo evidenční podle typu čísla domovního,Typ čísla domovního,Číslo orientační,PSČ,Webové stránky,Zápis vektorové geometrie,Zeměpisná délka v souřadnicovém systému WGS84,Zeměpisná šířka v souřadnicovém systému WGS84,Jedinečný identifikátor v katalogu otevřených dat Data KHK,Jedinečný identifikátor v datovém skladu Turistického portálu KHK,ID,x2,y2
Archeologické muzeum v přírodě Villa Nova Uhřínov,60884037,Villa Nova Uhřínov - středisko experimentální archeologie a regionálních dějin,částečně,bezbariérové WC ne,archeologické,expozice se snaží přiblížit středověkou kolonizační vesnici,Královéhradecký kraj,CZ052,Rychnov nad Kněžnou,CZ0524,Rychnov nad Kněžnou,5213,Liberk,576450,Uhřínov,15,č.p.,,51601,https://www.villanova.cz/,POINT(50.2509742 16.3503822),16.3503822,50.2509742,MG1,4080,1,1820116.22077941,6489854.13533287
Archeopark pravěku Všestary,28852800,"Archeopark Všestary, o.p.s.",ano,bezbariérové WC ano,archeologické,"expozice věnovaná životu v pravěku, ukázky pravěkých staveb a pravěkého pohřebiště s mohylami",Královéhradecký kraj,CZ052,Hradec Králové,CZ0521,Hradec Králové,5205,Všestary,571091,Všestary,238,č.p.,,50312,https://archeoparkvsestary.cz/,POINT(50.258865 15.7612464),15.7612464,50.258865,MG2,4160,2,1754533.92351532,6491227.98105689
Autíčkové muzeum,08548714,Eduard Pařízek,ne,bezbariérové WC ne,jiné,"modely aut z celého světa - modely amerických automobilů, policejních automobilů a požárních vozů",Královéhradecký kraj,CZ052,Rychnov nad Kněžnou,CZ0524,Kostelec nad Orlicí,5208,Týniště nad Orlicí,576859,Smetanova,395,č.p.,,51721,https://autickovemuzeum.webnode.cz/,POINT(50.1479733 16.0777286),16.0777286,50.1479733,MG3,4149,3,1789764.56086446,6471941.75665471
Běloveský pevnostní skanzen - Pěchotní srub N-S 81 Lom,48621676,"Klub vojenské historie Náchod, z.s.",ne,bezbariérové WC ne,vojenské,expozice zahrnuje objekty československého opevnění z let 1935-38,Královéhradecký kraj,CZ052,Náchod,CZ0523,Náchod,5209,Náchod,573868,U Lomu,,,,54701,http://www.brezinka.cz/,POINT(50.4133897 16.1999803),16.1999803,50.4133897,MG4,4090,4,1803373.55785707,6518177.85025268
Běloveský pevnostní skanzen - Pěchotní srub N-S 82 Březinka,48621676,"Klub vojenské historie Náchod, z.s.",ne,bezbariérové WC ne,vojenské,expozice zahrnuje objekty československého opevnění z let 1935-38,Královéhradecký kraj,CZ052,Náchod,CZ0523,Náchod,5209,Náchod,573868,U Lomu,,,,54701,http://www.brezinka.cz/,POINT(50.4154661 16.1980125),16.1980125,50.4154661,MG5,4089,5,1803154.50336309,6518540.58240798
Běloveský pevnostní skanzen - Pěchotní srub N-S 84 Voda,48621676,"Klub vojenské historie Náchod, z.s.",částečně,bezbariérové WC ne,vojenské,expozice zahrnuje objekty československého opevnění z let 1935-38,Královéhradecký kraj,CZ052,Náchod,CZ0523,Náchod,5209,Náchod,573868,Kapitána Jaroše,,,,54701,http://www.brezinka.cz/,POINT(50.4216667 16.1900833),16.1900833,50.4216667,MG6,4091,6,1802271.82885669,6519623.87729685
Cyklomuzeum Žireč,69861510,Romana Dostálová,částečně,Komentované prohlídky a první patro přístupné bezbariérově. Není bezbariérová toaleta.,historické,expozice historických kol,Královéhradecký kraj,CZ052,Trutnov,CZ0525,Dvůr Králové nad Labem,5203,Dvůr Králové nad Labem,579203,Žireč,166,č.p.,,54401,https://www.arealzirec.cz/,POINT(50.4152961 15.8514858),15.8514858,50.4152961,MG7,4027,7,1764579.32757281,6518510.88403236
Čapkův mlýn – Stará papírna,00084930,Královéhradecký kraj,částečně,bezbariérové WC ano,historické,"Expozice je zaměřena na dětství sourozenců Čapkových, kteří do mlýna jezdili k babičce a dědečkovi a zdejší prostředí se jim stalo inspirací pro řadu pohádek, jež v dospělosti napsali.",Královéhradecký kraj,CZ052,Náchod,CZ0523,Náchod,5209,Hronov,574082,Jungmanova,107,č.p.,,54931,https://muzeumnachod.cz/cakuv-mlyn-stara-papirna/,POINT(50.48334179 16.181284),16.181284,50.48334179,MG8,4168,8,1801292.29526135,6530406.74308641
České farmaceutické muzeum,00216208,Univerzita Karlova - Farmaceutická fakulta,ano,bezbariérové WC ano,farmaceutické,expozice historie lékáren - vývoj lékárenství a dalších odvětví farmacie; expozice historie výroby léků,Královéhradecký kraj,CZ052,Trutnov,CZ0525,Dvůr Králové nad Labem,5203,Kuks,579416,Kuks ,81,č.p.,,54443,https://www.ceska-apatyka.cz/,POINT(50.3978581 15.8902681),15.8902681,50.3978581,MG9,4075,9,1768896.55346061,6515465.09543609
Depozitář Muzea Náchodska,00084930,Královéhradecký kraj,nezjištěno,,jiné,,Královéhradecký kraj,CZ052,Náchod,CZ0523,Náchod,5209,Náchod,573868,Kladská ,733,č.p.,,54701,https://muzeumnachod.cz/,POINT(50.4189378 16.1723286),16.1723286,50.4189378,MG10,4095,10,1800295.3846935,6519147.09895986
Depozitář Muzea východních Čech,00088382,Královéhradecký kraj,nezjištěno,,obecné,,Královéhradecký kraj,CZ052,Hradec Králové,CZ0521,Hradec Králové,5205,Stěžery,570931,Lipová,56,č.p.,,50321,https://www.muzeumhk.cz/,POINT(50.2127403 15.7536394),15.7536394,50.2127403,MG11,4135,11,1753687.11614886,6483200.5547048
"Depozitář Muzea východních Čech, Gayerova kasárna",00088382,Královéhradecký kraj,ano,bezbariérové WC ano,obecné,"v depozitářích se nachází 2,5 milionu sbírkových předmětů",Královéhradecký kraj,CZ052,Hradec Králové,CZ0521,Hradec Králové,5205,Hradec Králové,569810,Opletalova,334,č.p.,2,50001,https://www.muzeumhk.cz/,POINT(50.2129822 15.8342839),15.8342839,50.2129822,MG12,4043,12,1762664.42082414,6483242.63412093
Domek Boženy Němcové,00188557,Městské kulturní středisko v Červeném Kostelci,částečně,Schodek před vchodem.,historické,"expozice připomínající krátký pobyt spisovatelky Boženy Němcové v Červeném Kostelci od podzimu 1837 do dubna 1838, sezónní miniexpozice věnovaná konkrétnímu tématu souvisejícímu s Červeným Kostelcem a jeho historií",Královéhradecký kraj,CZ052,Náchod,CZ0523,Náchod,5209,Červený Kostelec,573965,Boženy Němcové,127,č.p.,,54941,https://www.cervenykostelec.cz/budovy-a-verejne-prostory/domek-bozeny-nemcove,POINT(50.4767267 16.0941681),16.0941681,50.4767267,MG13,4011,13,1791594.59763335,6529249.53110461
Expozice textilního tisku,00023442,Uměleckoprůmyslové muzeum v Praze,částečně,"Přístup do expozice a samotná expozice jsou bezbariérové.
Expozice se nachází v přízemí budovy. U expozice nejsou bezbariérové toalety.",technické,expozice věnovaná textilnímu tisku,Královéhradecký kraj,CZ052,Trutnov,CZ0525,Dvůr Králové nad Labem,5203,Dvůr Králové nad Labem,579203,Nábřeží Jiřího Wolkera,132,č.p.,,54401,https://www.muzeumdk.cz/,POINT(50.4329817 15.8108517),15.8108517,50.4329817,MG14,4028,14,1760055.96025197,6521601.06475547
Expozice výroby železa,00275387,Obec Skuhrov nad Bělou,ne,bezbariérové WC ne,průmyslové,"expozice obsahuje sbírku výrobků, které byly vyrobeny ve firmě J. Porkert",Královéhradecký kraj,CZ052,Rychnov nad Kněžnou,CZ0524,Rychnov nad Kněžnou,5213,Skuhrov nad Bělou,576778,Skuhrov nad Bělou,84,č.p.,,51703,https://www.skuhrov.cz/turisticke-informacni-centrum,POINT(50.2291289 16.2920911),16.2920911,50.2291289,MG15,4130,15,1813627.28520963,6486051.89591194
Františkánský klášter Hostinné - Městské muzeum a Galerie antického umění,00277908,Město Hostinné,ano,Klášter je plně dostupný pro tělesně handicapované.,umělecké,expozice vývoje města Hostinné od doby kolonizace Podkrkonoší počátkem 13. století až do roku 1948; kolekce ručně vyřezávaných včelích úlů; soubor sádrových odlitků řeckých a římských plastik - vývoj antického sochařství od konce 7. století př. n. l. do 3,Královéhradecký kraj,CZ052,Trutnov,CZ0525,Vrchlabí,5215,Hostinné,579297,Nádražní,119,č.p.,,54371,www.klasterhostinne.cz,POINT(50.5399619 15.7280325),15.7280325,50.5399619,MG16,4037,16,1750836.56908006,6540318.22576947
Galerie Ambrož,22881930,Jana Vincencová,částečně,"nutno překonat 3 schody, bezbariérové WC je ve vedlejší budově fary",umělecké,výstavy výtvarného umění,Královéhradecký kraj,CZ052,Hradec Králové,CZ0521,Hradec Králové,5205,Hradec Králové,569810,Ambrožova ,729,č.p.,1,50002,https://www.facebook.com/people/Galerie-Ambro%C5%BE/100090670811190/,POINT(50.2092958 15.8222711),15.8222711,50.2092958,MG17,4050,17,1761327.16204513,6482601.39410034
Galerie Antonína Hudečka,00274780,Městys Častolovice,částečně,schodišťová sedačka,umělecké,stálá expozice obrazů malíře Antonína Hudečka a jeho syna Jiřího Hudečka,Královéhradecký kraj,CZ052,Rychnov nad Kněžnou,CZ0524,Kostelec nad Orlicí,5208,Častolovice,576182,Masarykova,10,č.p.,,51750,https://www.ou-castolovice.cz/1850-galerie-antonina-hudecka-opet-otevrena,POINT(50.1294303 16.1846547),16.1846547,50.1294303,MG18,4008,18,1801667.51986897,6468721.13472531
Galerie Barbara,11106450,Alena a Jiří Dudychovi,ano,bezbariérové WC ano,umělecké,"výstava výtvarných děl současných českých umělců, tematická výstava Hradecko – můj oblíbený kraj a Výtvarné salony",Královéhradecký kraj,CZ052,Hradec Králové,CZ0521,Hradec Králové,5205,Hradec Králové,569810,Střelecká,838,č.p.,,50002,https://www.gbarbara.cz/,POINT(50.2106675 15.8201064),15.8201064,50.2106675,MG19,4048,19,1761086.18874341,6482839.99208292
Galerie Bio Central,28856376,Centrální kino s.r.o.,ano,"bezbariérové WC ano, bezbariérově přístupno 60 % prohlídkové trasy",umělecké,"film, filmové plakáty, druhá část je věnována mladým umělcům a jejich tvorbě",Královéhradecký kraj,CZ052,Hradec Králové,CZ0521,Hradec Králové,5205,Hradec Králové,569810,třída Karla IV.,774,č.p.,,50002,https://www.biocentral.cz,POINT(50.2142067 15.8227683),15.8227683,50.2142067,MG20,4165,20,1761382.51009596,6483455.64378123
Galerie Celnice,656119,Obec Malá Úpa,částečně,"bezbariérové WC ne, ale je dostupné v bízkém infocentru",umělecké,"Galerie Celnice je k dispozici komukoliv, kdo je něčím zajímavý a chce si uspořádat výstavy s vernisáží",Královéhradecký kraj,CZ052,Trutnov,CZ0525,Trutnov,5214,Malá Úpa,579505,Horní Malá Úpa,100,č.p.,,54221,https://malaupa.cz/blog/tag/galerie-celnice/,POINT(50.7468261 15.8228044),15.8228044,50.7468261,MG21,4082,21,1761386.52872957,6576631.78801634
Galerie Draka Trutnov,00278360,Město Trutnov,ano,"bezbariérové WC ne, k dispozici je schodišťová plošina",umělecké,drak je v expozici představen jako mnohovrstevnatý a jen obtížně uchopitelný symbol,Královéhradecký kraj,CZ052,Trutnov,CZ0525,Trutnov,5214,Trutnov,579025,Školní,151,č.p.,,54101,https://www.galeriedraka.cz/,POINT(50.5615997 15.9127272),15.9127272,50.5615997,MG22,4144,22,1771396.68903628,6544109.11553157
Galerie Dům,26652021,"Agentura pro rozvoj Broumovska, z.ú.",částečně,T jen pro venkovní výstavu.,umělecké,malířství a sochařství,Královéhradecký kraj,CZ052,Náchod,CZ0523,Broumov,5201,Broumov,573922,Klášterní,1,č.p.,,55001,https://galeriedum.cz/cs/o-galerii-dům,POINT(50.5861511 16.3342019),16.3342019,50.5861511,MG23,4005,23,1818315.03802253,6548412.56935218
Galerie Koruna,25979949,Galerie Koruna spol. s r.o.,částečně,"bezbariérové WC ne, jeden malý schůdek u vstupu",umělecké,výstavy českých autorů výtvarného umění 20. a 21. století,Královéhradecký kraj,CZ052,Hradec Králové,CZ0521,Hradec Králové,5205,Hradec Králové,569810,Rokitanského ,169,č.p.,,50003,https://www.galeriekoruna.cz/,POINT(50.2096139 15.8309764),15.8309764,50.2096139,MG24,4051,24,1762296.23160834,6482656.7248435
Galerie Luxfer,06590764,"Luxfer open space, z. s.",ano,"Galerie zahrnuje dva hlavní prostory, oba jsou bezbariérové. Dále zahrnuje experimentální prostory, kde je nutné překonat malé schody. Součástí komentovaných prohlídek jsou a i audiovizuální prvky. Panely s textem zde jsou též.  Je k dispozici bezbariérov",umělecké,"Výstavy současného umění, galerijní činnost.",Královéhradecký kraj,CZ052,Náchod,CZ0523,Náchod,5209,Česká Skalice,573990,Maloskalická ,40,č.p.,,55203,https://www.galerieluxfer.cz/,POINT(50.3922086 16.0514731),16.0514731,50.3922086,MG25,4014,25,1786841.81197394,6514478.57220293
Galerie M,,manželé Mejvaldovi,ne,bezbariérové WC ne,umělecké,výstava obrazů Václava Mejvalda,Královéhradecký kraj,CZ052,Trutnov,CZ0525,Vrchlabí,5215,Vrchlabí,579858,Krkonošská,23,č.p.,,54301,https://www.mestovrchlabi.cz/galerie-m,POINT(50.628375 15.609276),15.609276,50.628375,MG26,4158,26,1737616.65597167,6555818.97081304
Galerie města Trutnova,64202836,Město Trutnov,ne,bezbariérové WC ne,umělecké,kolekce umění regionu a  sbírka významného českého umění autorů 20. a 21. století,Královéhradecký kraj,CZ052,Trutnov,CZ0525,Trutnov,5214,Trutnov,579025,Slovanské náměstí,38,č.p.,,54101,https://www.gamt.cz/,POINT(50.5610344 15.9158319),15.9158319,50.5610344,MG27,4140,27,1771742.30265935,6544010.05421314
Galerie moderního umění v Hradci Králové,00088404,Královéhradecký kraj,ano,bezbariérové WC ano,umělecké,"sbírka českého moderního výtvarného umění, sbírky umělců - Josef Čapek, Václav Špála, Emil Filla a další",Královéhradecký kraj,CZ052,Hradec Králové,CZ0521,Hradec Králové,5205,Hradec Králové,569810,Velké náměstí,139,č.p.,140,50003,https://www.galeriehk.cz/,POINT(50.2099331 15.8342222),15.8342222,50.2099331,MG28,4041,28,1762657.55241155,6482712.24729289
Galerie Morzin,01341162,Galerie Morzin z.s.,nezjištěno,,umělecké,výstavy současného výtvarného umění,Královéhradecký kraj,CZ052,Trutnov,CZ0525,Vrchlabí,5215,Vrchlabí,579858,Nádražní ulice ,471,č.p.,,54301,"https://www.mestovrchlabi.cz/zamecek-galerie-morzin
https://www.facebook.com/galeriemorzin/?locale=cs_CZ",POINT(50.6222161 15.6158633),15.6158633,50.6222161,MG29,4157,29,1738349.95085338,6554738.2375524
Galerie Na Hradě,00216208,Univerzita Karlova - Lékařská fakulta,ano,bezbariérové WC ano,umělecké,výstavy výtvarného umění,Královéhradecký kraj,CZ052,Hradec Králové,CZ0521,Hradec Králové,5205,Hradec Králové,569810,Na Hradě,91,č.p.,3,50001,https://www.lfhk.cuni.cz/Fakulta/O-fakulte/Zivot-na-fakulte/Spolecenske-a-sportovni-akce/Vystavy/Galerie-Na-Hrade/,POINT(50.2108147 15.8327094),15.8327094,50.2108147,MG30,4053,30,1762489.14828588,6482865.59693967
Galerie na mostě,00216208,Univerzita Karlova - Farmaceutická fakulta,ano,bezbariérové WC ano,umělecké,výstavy výtvarného umění,Královéhradecký kraj,CZ052,Hradec Králové,CZ0521,Hradec Králové,5205,Hradec Králové,569810,Akademika Heyrovského,1203,č.p.,,50005,https://www.faf.cuni.cz/Verejnost/Galerie-Na-Moste/,POINT(50.2014822 15.8358164),15.8358164,50.2014822,MG31,4054,31,1762835.01794378,6481242.40175375
Galerie Nola,5364515,Galerie Nola z. s.,ano,bezbariérové WC ano,umělecké,Zaměřuje se na vystavení předních českých umělců i na tvorby mladých začínajích umělců z ČR i zahraničí.,Královéhradecký kraj,CZ052,Náchod,CZ0523,Náchod,5209,Náchod,573868,Purkyňova,518,č.p.,,54701,http://galerienachod.cz/,POINT(50.4123183 16.1684269),16.1684269,50.4123183,MG32,4099,32,1799861.04943627,6517990.69059149
Galerie Otto Gutfreunda,43464386,Město Dvůr Králové nad Labem,částečně,Do galerie je bezbariérový přístup. Chybí bezbariérová toaleta.,umělecké,"výstavy uměleckých prací žáků i výtvarných pedagogů, výstava sochařských děl Otto Gutfreunda, výstava žáků školy",Královéhradecký kraj,CZ052,Trutnov,CZ0525,Dvůr Králové nad Labem,5203,Dvůr Králové nad Labem,579203,Náměstí T. G. Masaryka ,83,č.p.,,54401,https://zusdk.cz/,POINT(50.4317883 15.8132292),15.8132292,50.4317883,MG33,4025,33,1760320.62234133,6521392.50729101
Galerie plastik Hořice,00271560,Město Hořice,částečně,K dispozici jsou panely s texty a po domluvě komentář. Prostory nejsou bezbariérové.,umělecké,"sbírky soch od českých i zahraničních autorů, barokní plastiky a sochařský areál v přírodě",Královéhradecký kraj,CZ052,Jičín,CZ0522,Hořice,5204,Hořice,572926,Gothard,1639,č.p.,,50801,https://galerie.horice.org/tag/galerie-plastik/,POINT(50.3651003 15.6422808),15.6422808,50.3651003,MG34,4032,34,1741290.7335014,6509746.51918666
"Galerie Pravěk očima Zdeňka Buriana, ZOO Dvůr Králové",27478246,Královéhradecký kraj,částečně,U vstupu do galerie je třeba překonat schod a prohlídku je třeba objednat.,umělecké,"expozice obrazů pravěkých zvířat Zdeňka Buriana s prehistorickou tematikou, 3D obrazy",Královéhradecký kraj,CZ052,Trutnov,CZ0525,Dvůr Králové nad Labem,5203,Dvůr Králové nad Labem,579203,Štefánikova ,1029,č.p.,,54401,https://safaripark.cz/cz/zvirata-a-expozice/galerie-zdenka-buriana,POINT(50.4344611 15.8016594),15.8016594,50.4344611,MG35,4023,35,1759032.67809675,6521859.61060972
Galerie Rondo,45989176,Jana Matějková,nezjištěno,,umělecké,"výstava obrazů, grafiky, soch, keramiky i fotografií současných českých umělců především z východočeského, severočeského, středočeského kraje a Prahy",Královéhradecký kraj,CZ052,Hradec Králové,CZ0521,Hradec Králové,5205,Hradec Králové,569810,Klicperova,140,č.p.,,50001,http://www.galerie-rondo.cz/,POINT(50.2099381 15.8340844),15.8340844,50.2099381,MG36,4049,36,1762642.21258572,6482713.1170084
Galerie T,62690094,Univerzita Hradec Králové,nezjištěno,,umělecké,expozice seznamuje s tvorbou pedagogů z ostatních vysokých uměleckých škol a s tvorbou studentských ateliérů,Královéhradecký kraj,CZ052,Hradec Králové,CZ0521,Hradec Králové,5205,Hradec Králové,569810,Hradecká ,1227,č.p.,4,50003,https://www.uhk.cz/cs/univerzita-hradec-kralove/uhk/zijeme-uhk/kultura-a-sport/galerie-t,POINT(50.203575 15.8300119),15.8300119,50.203575,MG37,4055,37,1762188.86395947,6481606.373385
Galerie Tři generace Kodetů,48637921,"Šárka Apoštolová, Ing. arch. Petr Vítek",ano,bezbariérové WC ano,umělecké,výstava nabízí malířská díla Kristiana Kodeta,Královéhradecký kraj,CZ052,Hradec Králové,CZ0521,Hradec Králové,5205,Hradec Králové,569810,Velké náměstí ,1,č.p.,,50002,https://www.muzeumkodet.cz/,POINT(50.2093475 15.8314014),15.8314014,50.2093475,MG38,4056,38,1762343.54239193,6482610.38684298
Galerie UFFO,72049537,Město Trutnov,ano,bezbariérové WC ano,umělecké,"prezentace současných uměleckých trendů, nových médií, designu a architektury; výběr autorů je zaměřen na mladou generaci, české osobnosti  i na autory ze zahraničí",Královéhradecký kraj,CZ052,Trutnov,CZ0525,Trutnov,5214,Trutnov,579025,náměstí Republiky,999,č.p.,,54201,,POINT(50.5633817 15.9103336),15.9103336,50.5633817,MG39,4145,39,1771130.23470312,6544421.3951455
Galerie Valdštejnská lodžie,02346915 ,"Valdštejnské imaginárium, z. ú.",částečně,"bezbariérové WC ne, bezbariérový přístup z parkoviště na terasu, do parku a vnitřních prostor, do galerie nelze",umělecké,"interaktivní prohlídky Valdštejnské lodžie, návštěvnické turistické centrum využívající interaktivní prvky (i pro děti) a imaginárium",Královéhradecký kraj,CZ052,Jičín,CZ0522,Jičín,5207,Jičín,572659,Sedličky,4,č.p.,,50601,valdstejnskalodzie.cz,POINT(50.4497647 15.3780906),15.3780906,50.4497647,MG40,4071,40,1711881.21496483,6524534.60308918
Galerie Veselý výlet,10519688,RNDr. Pavel Klimeš ,částečně,Bezbariérový přístup.,umělecké,výstavy obrazů a fotografií,Královéhradecký kraj,CZ052,Trutnov,CZ0525,Trutnov,5214,Horní Maršov,579262,Temný Důl,46,č.p.,,54226,https://veselyvylet.cz/cz/vv6.html,POINT(50.6646636 15.8075411),15.8075411,50.6646636,MG41,4031,41,1759687.42594575,6562189.59090868
Galerie výtvarného umění v Náchodě,00371041,Královéhradecký kraj,částečně,"bezbariérové WC ne, bezb. přístupno, ale nejlépe s doprovodem",umělecké,"expozice se zaměřuje na ruské umění 19. a 20. století; vlastní sbírku evropského umění 16. až 20. století, moderního českého umění 20. a 21. století a soubory děl regionálních výtvarníků",Královéhradecký kraj,CZ052,Náchod,CZ0523,Náchod,5209,Náchod,573868,Smiřických,272,č.p.,,54701,https://www.gvun.cz/,POINT(50.4197842 16.1607203),16.1607203,50.4197842,MG42,4088,42,1799003.15464852,6519294.97435476
Harmony Bunker Exposition,60108878,Harmony Club Hotel,ne,bezbariérové WC ne,vojenské,"podzemní kryt pro generální štáb čsl. armády z r. 1984, jednalo se o jeden z nejutajovanějších projektů u nás",Královéhradecký kraj,CZ052,Trutnov,CZ0525,Vrchlabí,5215,Špindlerův Mlýn,579742,Bedřichov,106,č.p.,,54351,Historie hotelu | Wellness Hotel Harmony Špindlerův mlýn Krkonoše (harmonyclub.cz),POINT(50.7302894 15.6013097),15.6013097,50.7302894,MG43,4139,43,1736729.85151217,6573722.9975289
Hasičské muzeum Velké Svatoňovice,65197569,Sbor dobrovolných hasičů Velké Svatoňovice,ne,bezbariérové WC ne,technické,"expozice více jak třiceti velkých hasičských stříkaček, dále hasičské uniformy, přilby, součástky výstroje i výzbroje hasičů a historie hasičské techniky",Královéhradecký kraj,CZ052,Trutnov,CZ0525,Trutnov,5214,Velké Svatoňovice,579785,Velké Svatoňovice,324,č.p.,,54235,https://velkesvatonovice.cz/default/default/7504_hasicske-muzeum,POINT(50.5349175 16.0282061),16.0282061,50.5349175,MG44,4154,44,1784251.74138164,6539434.70920747
Historic Car Museum,49996843,Dušan Erlebach,ano,"bezbariérové WC ne, ale jsou dostupné v 60 m vzdálené restauraci",automobilové,"expozici tvoří historická vozidla různých značek, motoristické doplňky, prototyp motocyklu Járy Cimrmana",Královéhradecký kraj,CZ052,Trutnov,CZ0525,Dvůr Králové nad Labem,5203,Kuks,579416,Kuks ,70,č.p.,,54443,https://www.veteran-muzeum-kuks.cz/,POINT(50.4007167 15.89118),15.89118,50.4007167,MG45,4076,45,1768998.06570426,6515964.3127822
Hornický skanzen Žacléř,26001802,Důl Jan Šverma o.p.s.,částečně,"bezbariérové WC ano, bezbariérově přístupno 60 % prohlídkové trasy",hornické,expozice s důlními vozíky a výstava paleontologických nálezů a důlních map,Královéhradecký kraj,CZ052,Trutnov,CZ0525,Trutnov,5214,Žacléř,579874,Lampertice,21,č.p.,,54201,https://www.djs-ops.cz/,POINT(50.6679667 15.9284578),15.9284578,50.6679667,MG46,4162,46,1773147.81141815,6562769.70875761
Horolezecké muzeum Dolní Adršpach,00653560,Obec Adršpach,ne,muzeum je ve druhém patře a nemá žádné prvky bezbarérovosti,horolezecké,"historie horolezeství v regionu a vývoj jistích technik, pomůcek, sedáků a bot",Královéhradecký kraj,CZ052,Náchod,CZ0523,Broumov,5201,Adršpach,547786,Dolní Adršpach,75,č.p.,,54957,https://www.obecadrspach.cz/zamek-1/horolezecke-muzeum/,POINT(50.618955 16.1108689),16.1108689,50.618955,MG47,4001,47,1793453.7221852,6554166.05319348
Hvězdárna a planetárium v Hradci Králové,00084018,Královéhradecký kraj,ano,bezbariérové WC ano,astronomické,interaktivní expozice s názvy Mikrosvět – makrosvět a Energie – formy a přeměny,Královéhradecký kraj,CZ052,Hradec Králové,CZ0521,Hradec Králové,5205,Hradec Králové,569810,Zámeček ,456,č.p.,30,50008,http://www.astrohk.cz/,POINT(50.1772786 15.8387394),15.8387394,50.1772786,MG48,4047,48,1763160.40481537,6477034.16478339
Hvězdárna Úpice,00371912,Královéhradecký kraj,částečně,"bezbariérové WC ano,  kromě kopule je bezbariérové vše",astronomické,"zaměřuje se naosvětovou a vzdělávací činnost pro veřejnost  v oblasti astronomie
",Královéhradecký kraj,CZ052,Trutnov,CZ0525,Trutnov,5214,Úpice,579777,U Lipek ,160,č.p.,,54232,http://www.hvezdarnavupici.cz/,POINT(50.5066561 16.0115586),16.0115586,50.5066561,MG49,4151,49,1782398.55015867,6534486.5281457
Jiráskovo muzeum,00084930,Královéhradecký kraj,ne,bezbariérové WC ne,obecné,"expozice je věnována dílu Aloise Jiráska, dále připomíná významné hronovské rodáky (J.Čapka, E.Hostovského) a historii známého místního ochotnického divadla",Královéhradecký kraj,CZ052,Náchod,CZ0523,Náchod,5209,Hronov,574082,náměstí Čs. armády,500,č.p.,,54931,https://muzeumnachod.cz/2015/10/17/muzeum-aloise-jiraska/,POINT(50.4802361 16.1830956),16.1830956,50.4802361,MG50,4058,50,1801493.96165087,6529863.42846701
Krkonošské muzeum ve Vrchlabí - Čtyři historické domky,00088455,Správa Krkonošského národního parku,ne,bezbariérové WC ne  ,"historické, obecné","expozice lidového umění a uměleckých řemesel, skla 18. a 19. století a dějin města Vrchlabí",Královéhradecký kraj,CZ052,Trutnov,CZ0525,Vrchlabí,5215,Vrchlabí,579858,náměstí Míru,222,č.p.,,54311,https://www.krnap.cz/,POINT(50.6295561 15.6071394),15.6071394,50.6295561,MG51,4156,51,1737378.81074764,6556026.24056735
Krkonošské muzeum ve Vrchlabí - Klášter,00088455,Správa Krkonošského národního parku,ano,bezbariérové WC ano  ,"geologické, historické","vývoj Krkonoš od prvohor po současnost, výstava o historii a osídlování Krkonoš",Královéhradecký kraj,CZ052,Trutnov,CZ0525,Vrchlabí,5215,Vrchlabí,579858,Husova ,213,č.p.,,54311,https://www.krnap.cz/,POINT(50.6288733 15.6055239),15.6055239,50.6288733,MG52,4155,52,1737198.97411026,6555906.41621866
Labyrint Divadla Drak,27504671,Divadlo Drak a Mezinárodní institut figurálního divadla o.p.s.,ano,"Obě scény Divadla Drak jsou bezbariérové. Pro hlavní scénu lze použít nouzový vchod, který nemá schody, ani jiné zábrany. Pro studiovou scénu a labyrint používáme dřevěný nájezd na schody určený i pro kočárky, nebo přístup ze dvora, který je bez překážek ","historické, umělecké","Stálá expozice - Příběh Draku 1958 – 2018, která mapuje prvních šedesát let existence divadla, expozice loutek a autorské výstavy. Druhé patro galerie je vyhrazeno krátkodobým výstavám a herně s divadelními trenažéry.  ",Královéhradecký kraj,CZ052,Hradec Králové,CZ0521,Hradec Králové,5205,Hradec Králové,569810,Hradební,632,č.p.,,50003,https://draktheatre.cz/,POINT(50.2076453 15.8385314),15.8385314,50.2076453,MG53,4039,53,1763137.25036128,6482314.30982492
Malá vodní elektrárna Hučák,45274649,"ČEZ, a.s.",ano,bezbariérové WC ano,průmyslové,"historické exponáty dokumentující tradici využívání obnovitelných zdrojů, moderní expozice se zaměřením na nové obnovitelné zdroje",Královéhradecký kraj,CZ052,Hradec Králové,CZ0521,Hradec Králové,5205,Hradec Králové,569810,Křižíkova,233,č.p.,4,50003,https://www.cez.cz/cs/o-cez/infocentra/hucak-136625,POINT(50.2076153 15.8266283),15.8266283,50.2076153,MG54,4046,54,1761812.20333042,6482309.09178394
Masarykova věž samostatnosti,00271560,Město Hořice,částečně,,vlastivědné,"expozice se zaměřuje na český odboj v letech 1914-1918, 1939-1945, 1948-1989, výstava soch
",Královéhradecký kraj,CZ052,Jičín,CZ0522,Hořice,5204,Hořice,572926,Cesta Legií,1370,č.p.,,50801,https://www.horice.org/,POINT(50.3775564 15.6387878),15.6387878,50.3775564,MG55,4035,55,1740901.89452006,6511920.53313635
Měděný důl Bohumír,26001802,Důl Jan Šverma o.p.s.,ano,bezbariérové WC ano,průmyslové,expozice měděného dolu věnující se práci horníků,Královéhradecký kraj,CZ052,Trutnov,CZ0525,Trutnov,5214,Jívka,579378,Jívka,187,č.p.,,54213,https://www.djs-ops.cz/,POINT(50.5491853 16.0926906),16.0926906,50.5491853,MG56,4073,56,1791430.1230857,6541933.93019885
Městské muzeum a galerie Hořice,00271560,Město Hořice,ano,Muzeum je plně bezbariérové. Jsou k dispozici panely s texty i komentovná prohlídka dle domluvy.,obecné,"stálé expozice jsou věnovány kamenosochařské tradici v regionu, historie těžby pískovce ve zdejším regionu a jeho řemeslného zpracování, díla umělců spjatých s Hořicemi",Královéhradecký kraj,CZ052,Jičín,CZ0522,Hořice,5204,Hořice,572926,Náměstí Jiřího z Poděbrad,160,č.p.,,50801,https://muzeum.horice.org/,POINT(50.3693147 15.6326806),15.6326806,50.3693147,MG57,4033,57,1740222.04412589,6510482.01173081
Městské muzeum a galerie Julie W. Mezerové,43464114,Město Úpice,ne,bezbariérové WC ne,obecné,"stálé expozice - obrazy J. W. Mezerové, rodina Čapkova, národopisná expozice, Vízmburk a sbírka zbraní
",Královéhradecký kraj,CZ052,Trutnov,CZ0525,Trutnov,5214,Úpice,579777,Náměstí T. G. Masaryka,30,č.p.,,54232,https://www.mmgu.cz/,POINT(50.5123061 16.0160303),16.0160303,50.5123061,MG58,4150,58,1782896.33752565,6535475.5282304
"Městské muzeum Loreta, Chlumec nad Cidlinou",00268861,Město Chlumec nad Cidlinou,částečně,"bezbariérové WC ano, bezbariérový přístup přibližně do 75 % prostor",historické,"expozice sbírek hmotných dokladů vývoje přírody, prehistorie a historie české i zahraniční provenience, sbírka zemědělských strojů a nářadí, cechovní památky a terče, selský a měšťanský pokoj",Královéhradecký kraj,CZ052,Hradec Králové,CZ0521,Hradec Králové,5205,Chlumec nad Cidlinou,570109,Kozelkova,25,č.p.,,50351,https://www.chlumecnc.cz/mestske-muzeum-loreta-chlumec-nad-cidlinou/os-1002,POINT(50.1593353 15.46024),15.46024,50.1593353,MG59,4062,59,1721026.04434181,6473915.77098334
Městské muzeum Nová Paka,00371033,Město Nová Paka,nezjištěno,,obecné,přírodovedné a historické sbírky,Královéhradecký kraj,CZ052,Jičín,CZ0522,Nová Paka,5210,Nová Paka,573248,Stanislava Suchardy,68,č.p.,,50901,https://muzeum.cz/,POINT(50.49564 15.5140164),15.5140164,50.49564,MG60,4100,60,1727012.4058065,6532558.56328249
Městské muzeum Nová Paka - Klenotnice drachých kamenů,00371033,Město Nová Paka,částečně,bezbariérové WC ne,geologické,nálezy drahých kamenů ze soukromých a školních sbírek z poloviny 19. století,Královéhradecký kraj,CZ052,Jičín,CZ0522,Nová Paka,5210,Nová Paka,573248,F. F. Procházky ,70,č.p.,,50901,https://muzeum.cz/,POINT(50.4955281 15.5135322),15.5135322,50.4955281,MG61,4101,61,1726958.50490906,6532538.98159252
Městské muzeum Nová Paka - Suchardův dům,00371033,Město Nová Paka,částečně,"bezbariérové WC ano, bezb. přístupno pouze přízemí","historické, umělecké","historická expozice muzea a prostory, kde jsou pořádány výstavy řady umělců, kteří pocházejí z Nové Paky",Královéhradecký kraj,CZ052,Jičín,CZ0522,Nová Paka,5210,Nová Paka,573248,Stanislava Suchardy,68,č.p.,,50901,https://muzeum.cz/muzeum/sucharduv-dum/,POINT(50.4956308 15.5140728),15.5140728,50.4956308,MG62,4102,62,1727018.68422578,6532556.95334735
Městské muzeum Nové Město nad Metují,71229337,Město Nové Město nad Metují,ne,bezbariérové WC ne,obecné,"expozice má několik částí: v té první je možné vidět barokní lékárnu Milosrdných bratří, dále vyřezávaný „Měšťanský betlém“ a další expozice jsou zaměřeny na historii města a regionu, řemesla a přírodu; poslední zastávkou je expozice hodinářské výroby PRI",Královéhradecký kraj,CZ052,Náchod,CZ0523,Nové Město nad Metují,5211,Nové Město nad Metují,574279,Na Zadomí ,1226,č.p.,,54901,http://www.muzeum-nmnm.cz/index.php/cz/,POINT(50.34417 16.1529619),16.1529619,50.34417,MG63,4104,63,1798139.49351115,6506094.75311396
Městské muzeum Nové Město nad Metují - Galerie Zázvorka,71229337,Město Nové Město nad Metují,ne,bezbariérové WC ne,umělecké,expozici tvoří výtvarná díla novoměstských rodáků,Královéhradecký kraj,CZ052,Náchod,CZ0523,Nové Město nad Metují,5211,Nové Město nad Metují,574279,U Zázvorky,1210,č.p.,,54901,http://www.muzeum-nmnm.cz/index.php/cz/,POINT(50.3449439 16.1512756),16.1512756,50.3449439,MG64,4105,64,1797951.77545383,6506229.74888297
Městské muzeum Nový Bydžov,00269247,Město Nový Bydžov,ne,bezbariérové WC ne,obecné,"vedle historické muzejní expozice mohou návštěvníci poznat i bohatou galerii výtvarných děl 19. a 20. století, stálou výstavu Bydžov známý a neznámý
",Královéhradecký kraj,CZ052,Jičín,CZ0522,Nový Bydžov,5212,Nový Bydžov,570508,Boženy Němcové,507,č.p.,,50401,https://www.novybydzov.cz/,POINT(50.2410067 15.49176),15.49176,50.2410067,MG65,4106,65,1724534.83469161,6488119.0461759
Městské muzeum Rtyně v Podkrkonoší,00278238,Město Rtyně v Podkrkonoší,nezjištěno,,obecné,"tři stálé expozice - 1) Expozice etnografická dokumentuje historii města a života zdejších obyvatel, 2) Expozice selského povstání 1775 připomíná na dobových dokumentech příčiny a průběh selských bouří, 3) Největší a v severovýchodních Čechách ojedinělá j",Královéhradecký kraj,CZ052,Trutnov,CZ0525,Trutnov,5214,Rtyně v Podkrkonoší,579637,Kostelecká,141,č.p.,,54233,https://www.rtyne.cz/,POINT(50.5042264 16.0717753),16.0717753,50.5042264,MG66,4123,66,1789101.84253992,6534061.25948706
Městské muzeum v Jaroměři,00401633,Město Jaroměř,ano,"bezbariérové WC ano , bezbariérový přístup po domluvě",obecné,"archeologie, etnografie, výtvarné umění",Královéhradecký kraj,CZ052,Náchod,CZ0523,Jaroměř,5206,Jaroměř,574121,Husova,295,č.p.,,55101,https://muzeumjaromer.cz/,POINT(50.3535036 15.9135106),15.9135106,50.3535036,MG67,4063,67,1771483.89672537,6507723.01267566
Městské muzeum v Jaroměři - expozice v Josefově,00401633,Město Jaroměř,ano,bezbariérové WC ano,historické,expozice představuje historický vývoj města Jaroměř a pevnosti Josefov,Královéhradecký kraj,CZ052,Náchod,CZ0523,Jaroměř,5206,Jaroměř - Josefov,574121,Riegrovo náměstí,8,č.p.,,55102,https://muzeumjaromer.cz/,POINT(50.3374492 15.9263833),15.9263833,50.3374492,MG68,4067,68,1772916.8791345,6504922.49831844
Městské muzeum ve Dvoře Králové nad Labem,43464386,Město Dvůr Králové nad Labem,částečně,Přístup do expozice a expozice samotná jsou bezbariérové. Expozice se nachází v přízemí budovy. V expozici není bezbariérová toaleta. ,průmyslové,"první expozice se věnuje perlařství a výrobě skleněných ozdob, druhá pak představuje vzorkovnu výrobků od třicátých let 20. století do současnosti
",Královéhradecký kraj,CZ052,Trutnov,CZ0525,Dvůr Králové nad Labem,5203,Dvůr Králové nad Labem,579203,Sladkovského ,530,č.p.,,54401,https://www.muzeumdk.cz/,POINT(50.4352306 15.8162003),15.8162003,50.4352306,MG69,4024,69,1760651.36368043,6521994.09469809
Městské muzeum Žacléř,00278491,Město Žacléř,částečně,"bezbariérové WC ne, nutno překonat schodiště u vstupu, jinak je podlaží bezbariérové, personál je ochoten pomoci, zrakově či sluchově hendykepovaným se přizpůsobují (umožňují např. dotýkání se předmětů pro zrak. hendyk.)",obecné,"stálá expozice zaměřená na historii regionu, jeho významné osobnosti a těžbu černého uhlí, sbírka porcelánu a národopisná expozice",Královéhradecký kraj,CZ052,Trutnov,CZ0525,Trutnov,5214,Žacléř,579874,Rýchorské náměstí,10,č.p.,,54201,http://www.muzeum-zacler.cz/,POINT(50.6529222 15.9074183),15.9074183,50.6529222,MG70,4161,70,1770805.70499161,6560127.7990367
Mlýn Oldřicha Prášila,,Marie Vraštilová,nezjištěno,,technické,kompletně zařízený válcový mlýn,Královéhradecký kraj,CZ052,Jičín,CZ0522,Jičín,5207,Železnice,573825,Palackého ,77,č.p.,,50713,https://www.vodnimlyny.cz/mlyny/objekty/detail/2966-mlyn-oldricha-prasila,POINT(50.47333 15.3812919),15.3812919,50.47333,MG71,4164,71,1712237.58205071,6528655.3916928
Motoveterán muzeum Bříšťany,03917690,Miroslav Horák,částečně,,technické,"sbírka motocyklů z třicátých let a klasické motocykly ze sedmdesátých let, sbírka motorů, zaměření na historii moto světa",Královéhradecký kraj,CZ052,Jičín,CZ0522,Hořice,5204,Bříšťany,548855,Bříšťany,79,č.p.,,50801,www.veteranmuzeum.unas.cz/,POINT(50.3173289 15.6211128),15.6211128,50.3173289,MG72,4007,72,1738934.32252029,6501414.06822146
Museum Czech Road Racing Hořice,00271560,Město Hořice,částečně,"K dispozici je nájezd do prvního patra, do druhého nikoli. K dispozici jsou panely s texty a videa. Komentovaná prohlídka dle domluvy.",motocyklistické,"expozice připomíná historii i současnost motocyklového sportu, dále se zaměřuje na významného jezdce - Gustava Havla",Královéhradecký kraj,CZ052,Jičín,CZ0522,Hořice,5204,Hořice,572926,Riegrova,1,č.p.,,50801,https://www.museumcrr.cz/,POINT(50.3699697 15.6356281),15.6356281,50.3699697,MG73,4034,73,1740550.15832501,6510596.3274897
Museum Četnická stanice Chlumec nad Cidlinou,1996878,"Četnická stanice Chlumec nad Cidlinou, z. s.",ne,bezbariérové WC ne,historické,"expozice dobových stejnokrojů, dobově zařízená četnická kancelář a četnická kasárna z konce 30. let 20. století",Královéhradecký kraj,CZ052,Hradec Králové,CZ0521,Hradec Králové,5205,Chlumec nad Cidlinou,570109,Boženy Němcové,35,č.p.,,50351,https://www.cetnici.cz,POINT(50.1575748 15.4629386),15.4629386,50.1575748,MG74,4166,74,1721326.45111966,6473609.87403112
Muzejní expozice sdělovací a zabezpečovací techniky,70994234,"Správa železnic, státní organizace",ano,bezbariérové WC ano,průmyslové,stálá muzejní expozice železniční sdělovací a zabezpečovací techniky,Královéhradecký kraj,CZ052,Hradec Králové,CZ0521,Hradec Králové,5205,Hradec Králové,569810,Kydlinovská,1300,č.p.,,50002,https://www.signalmont.cz/,POINT(50.2220089 15.8228006),15.8228006,50.2220089,MG75,4044,75,1761386.10571551,6484813.01511865
Muzeum a archiv Fráni Šrámka,67440649,Městské kulturní středisko Sobotka,ne,bezbarérové WC ne,obecné,"výstava o životě a díle Fráni Šrámka
",Královéhradecký kraj,CZ052,Jičín,CZ0522,Jičín,5207,Sobotka,573493,Náměstí Míru,3,č.p.,,50743,http://franasramek.cz/,POINT(50.4672139 15.1768136),15.1768136,50.4672139,MG76,4131,76,1689475.16181644,6527585.69154508
"Muzeum a galerie Orlických hor - Orlická galerie, výstavní prostory muzea",00371149,Královéhradecký kraj,ano,bezbariérové WC ano,"historické, umělecké","dokumentuje české výtvarné umění od přelomu 19. a 20. století do současnosti, se zaměřením na díla, která místem vzniku, námětem nebo osobou autora mají vztah k regionu Orlických hor a Podorlicka",Královéhradecký kraj,CZ052,Rychnov nad Kněžnou,CZ0524,Rychnov nad Kněžnou,5213,Rychnov nad Kněžnou,576069,Kolowratská,1,č.p.,,51601,https://www.moh.cz/,POINT(50.1661619 16.2751661),16.2751661,50.1661619,MG77,4126,77,1811743.20282795,6475102.03835283
Muzeum a galerie Orlických hor Rychnov nad Kněžnou,00371149,Královéhradecký kraj,ne,bezbariérové WC ne,obecné,"expozice se zabývá regionem Orlických hor a Podorlicka.; výstavy jsou většinou monotematické a zabývají se tématy z oblasti historie, archeologie i přírodních věd.",Královéhradecký kraj,CZ052,Rychnov nad Kněžnou,CZ0524,Rychnov nad Kněžnou,5213,Rychnov nad Kněžnou,576069,Jiráskova,2,č.p.,,51601,https://www.moh.cz/,POINT(50.1705653 16.2680731),16.2680731,50.1705653,MG78,4125,78,1810953.61367976,6475867.31293063
Muzeum a galerie při zámku v Kostelci nad Orlicí,72965860,František Kinský,částečně,"bezbariérové WC ne , bezbariérové je pouze muzeum a zámecká expozice, galerie ne",obecné,expozici tvoří model středověkého osídlení města; část expozice je věnována dílu Zdeňka Kolářského,Královéhradecký kraj,CZ052,Rychnov nad Kněžnou,CZ0524,Kostelec nad Orlicí,5208,Kostelec nad Orlicí,576361,Komenského,266,č.p.,,51741,https://www.zamekkostelecno.cz/,POINT(50.1226236 16.1997156),16.1997156,50.1226236,MG79,4074,79,1803344.09158786,6467539.23313753
Muzeum betlémů Třebihošť,,Ladislav Voňka,ne,,umělecké,výstava autorské sbírky betlémů,Královéhradecký kraj,CZ052,Trutnov,CZ0525,Dvůr Králové nad Labem,5203,Dvůr Králové nad Labem,579203,Třebihošť,87,č.p.,,54401,https://www.trebihost.cz/volny-cas/umeni-a-pamatky,POINT(50.4319494 15.7132553),15.7132553,50.4319494,MG80,4026,80,1749191.57870071,6521420.66066895
Muzeum Boženy Němcové,00272591,Město Česká Skalice,částečně,,historické,"Život a dílo Boženy Němcové, Bitva u České Skalice 28.6. 1866, tradice Jiřinkových slavností, Galerie Julie Mezerové, Galerie obrazů Josefa Vondráčka.",Královéhradecký kraj,CZ052,Náchod,CZ0523,Náchod,5209,Česká Skalice,573990,Maloskalická ,47,č.p.,,55203,https://www.muzeumbn.cz/,POINT(50.3955933 16.0364297),16.0364297,50.3955933,MG81,4012,81,1785167.18834613,6515069.5989181
"Muzeum Boženy Němcové, areál Barunčiny školy",00272591,Město Česká Skalice,ne,,historické,expozice zprostředkovává atmosféru školství první poloviny 19. století,Královéhradecký kraj,CZ052,Náchod,CZ0523,Náchod,5209,Česká Skalice,573990,Boženy Němcové,9,č.p.,,55203,https://www.muzeumbn.cz/,POINT(50.3956392 16.0419839),16.0419839,50.3956392,MG82,4013,82,1785785.4790619,6515077.61413593
Muzeum bratří Čapků Malé Svatoňovice,00278114,Obec Malé Svatoňovice,ne,bezbariérové WC ne,obecné,expozici tvoří výstava o životě a díle bratří Čapků,Královéhradecký kraj,CZ052,Trutnov,CZ0525,Trutnov,5214,Malé Svatoňovice,579513,náměstí Karla Čapka,147,č.p.,,54234,https://www.malesvatonovice.cz/muzeum/,POINT(50.5341425 16.0507292),16.0507292,50.5341425,MG83,4083,83,1786759.00140473,6539298.97788184
Muzeum Broumovska,00272523,Město Broumov,částečně,,vlastivědné,historie Broumova a Broumovska a výtvarné umění,Královéhradecký kraj,CZ052,Náchod,CZ0523,Broumov,5201,Broumov,573922,Klášterní,1,č.p.,,55001,https://m.broumov-mesto.cz/muzeum-broumovska-informace/d-2515,POINT(50.5864131 16.3331792),16.3331792,50.5864131,MG84,4004,84,1818201.1915793,6548458.50571122
Muzeum Broumovského pivovaru,25272632,Pivovar Broumov s.r.o.,částečně,,jiné,"stálá expozice pivovarnictví, historie broumovského pivovaru s možností ochutnávky",Královéhradecký kraj,CZ052,Náchod,CZ0523,Broumov,5201,Broumov,573922,třída Osvobození,55,č.p.,,55101,https://www.pivovarbroumov.cz/cs/muzeum-pivovar-broumov,POINT(50.6036664 16.3344939),16.3344939,50.6036664,MG85,4006,85,1818347.54331384,6551484.08296421
Muzeum Častolovicka,22865284,Spolek přátel Častolovic,částečně,nájezdová rampa u vchodu,historické,"historie regionu Častolovicka - unikátních fotografií, sbírky starých pohlednic, dobových dokumentů, medailonků význačných osob; vzpomínka na válečné veterány a legionáře",Královéhradecký kraj,CZ052,Rychnov nad Kněžnou,CZ0524,Kostelec nad Orlicí,5208,Častolovice,576182,Masarykova,10,č.p.,,51750,http://www.e-castolovice.cz/,POINT(50.1294303 16.1846547),16.1846547,50.1294303,MG86,4009,86,1801667.51986897,6468721.13472531
Muzeum českého amatérského divadla Miletín,00271811,Město Miletín,ano,bezbariérové WC ano,umělecké,expozice připomínající ochotnické divadlo nabízí unikátní sbírku malovaných opon,Královéhradecký kraj,CZ052,Jičín,CZ0522,Hořice,5204,Miletín,573175,Na Parkáni,1,č.p.,,50771,http://muzeum.miletin.cz/,POINT(50.404615 15.6786378),15.6786378,50.404615,MG87,4086,87,1745337.97622818,6516645.14875156
Muzeum čs. opevnění – Pevnost Stachelberg,26989743,Stachelberg z.s.,ne,"bezbariérové WC ne, expozice se nachází v podzemních prostorách",historické,"expozice tvoří výkresy, plány a dobové i současné fotografie, pěchotní zbraně a modely pevnostních objektů",Královéhradecký kraj,CZ052,Trutnov,CZ0525,Trutnov,5214,Trutnov,579025,Babí,,,,54101,https://www.stachelberg.cz/,POINT(50.630595 15.9119067),15.9119067,50.630595,MG88,4143,88,1771305.35139408,6556208.56012693
Muzeum Eduarda Štorcha a Karla Zemana,00271900,Obec Ostroměř,částečně,"nutno překonat jeden menší schod, bezbariérové WC ne",historické,"expozice věnovaná pravěku Ostroměřska; dále filmově a knižně zpracovaných pravěkých scenerií, jež se staly společným prvkem života a díla Eduarda Štorcha i Karla Zemana",Královéhradecký kraj,CZ052,Jičín,CZ0522,Jičín,5207,Ostroměř,573272,T. G. Masaryka,121,č.p.,,50752,https://www.ostromer.cz/obec/muzeum/,POINT(50.3748256 15.5433561),15.5433561,50.3748256,MG89,4112,89,1730278.48627053,6511443.8666223
Muzeum historických kočárků,00275468,Město Týniště nad Orlicí,ne,bezbariérové WC ne,jiné,sbírka historických kočárků v rozsahu let 1860 - 1997,Královéhradecký kraj,CZ052,Rychnov nad Kněžnou,CZ0524,Kostelec nad Orlicí,5208,Týniště nad Orlicí,576859,Mírové náměstí,234,č.p.,,51721,http://www.kralovstvihistorickychkocarku.cz/,POINT(50.1474219 16.0741139),16.0741139,50.1474219,MG90,4148,90,1789362.17430109,6471845.96930048
Muzeum hraček Rychnov nad Kněžnou,43482961,Miroslava Pecháčková,částečně,"bezbariérové WC ano, bezbariérově přístupná jen část - nejlépe se předem domluvit",jiné,"expozice zaměřená na unikátní panenky i stavebnice; k vidění desítky historických panenek, spoustu cínových vojáčků, roztodivné stavebnice,  stolní hry, puzzle historické, technické hračky, prvorepublikové knihy pro děti, loutky, zaměření zejména na česko",Královéhradecký kraj,CZ052,Rychnov nad Kněžnou,CZ0524,Rychnov nad Kněžnou,5213,Rychnov nad Kněžnou,576069,Staré náměstí ,68,č.p.,,51601,http://www.muzeumhracek-rk.cz/,POINT(50.1634778 16.2743914),16.2743914,50.1634778,MG91,4128,91,1811656.96361844,6474635.59851189
Muzeum hraček Stuchlíkovi,,Stuchlíkovi,ne,bezbariérové WC ne,hraček,"expozici tvoří unikátní sbírka starožitných porcelánových panenek z let 1870 až 1920; dále expozice starožitných vláčků expozice starožitných vláčků; další expozice ukazují hračky a kočárky z let 1930 až 1980, v prosinci expozice betlémů",Královéhradecký kraj,CZ052,Jičín,CZ0522,Nový Bydžov,5212,Nový Bydžov,570508,U Mlýna,1437,č.p.,,50401,https://www.muzeumhracekbydzov.cz/,POINT(50.2445603 15.4975272),15.4975272,50.2445603,MG92,4107,92,1725176.83645891,6488737.59625832
Muzeum KAHAN III,02101823,"Kahan III, z.s.",ne,bezbariérové WC ne,vojenské,expozice přestavuje předválečného opevnění k zajištění telekomunikačního spojení složek,Královéhradecký kraj,CZ052,Náchod,CZ0523,Náchod,5209,Náchod,573868,Dobrošov,,,,54701,https://www.kahan3.cz/,POINT(50.4015222 16.2117058),16.2117058,50.4015222,MG93,4092,93,1804678.83454637,6516104.98832795
Muzeum krajky Vamberk,00371149,Královéhradecký kraj,ano,bezbariérové WC ano,umělecké,"expozice současného krajkářského umění - ukázky paličkovaných krajek, ukázky šitých krajek, krajky od 18. st. po současnost",Královéhradecký kraj,CZ052,Rychnov nad Kněžnou,CZ0524,Rychnov nad Kněžnou,5213,Vamberk,576883,Vilímkova,88,č.p.,,51601,https://www.muzeumkrajky.cz/,POINT(50.1179047 16.288535),16.288535,50.1179047,MG94,4153,94,1813231.42196842,6466719.95154983
Muzeum lega, 24783111,LeMi CZ s.r.o.,částečně,"bezbariérové WC ne, je k dispozici rampa, ale šíře vstupu nemusí být pro každého dostatečně široká",jiné,"více než 1000 modelů poskládaných z Lego kostiček; dále metr vysoká Eiffelova věž nebo Socha svobody, Krakonoš v životní velikosti a sjezdovka Špindlerova mlýna",Královéhradecký kraj,CZ052,Trutnov,CZ0525,Vrchlabí,5215,Špindlerův Mlýn,579742,Bedřichov,22,č.p.,,54351,https://muzeumlega.cz/,POINT(50.72612 15.6053219),15.6053219,50.72612,MG95,4138,95,1737176.48757312,6572989.7659541
Muzeum lyžování,277738,Obec Dolní Branná,částečně,"Při vstupu do muzea je potřeba překonat práh, ostatní prostory jsou již bezbariérové. K dispozici je i bezbarierová toaleta. První patro, tj. badatelna a výstavní síň jsou bez možnosti přistupu pro vozíčkáře (schody).",historické ,"historie lyžování v Krkonoších, expozice zimních sportů, síň slávy významných osobností zimních sportů.",Královéhradecký kraj,CZ052,Trutnov,CZ0525,Vrchlabí,5215,Dolní Branná,579122,Dolní Branná,1,č.p.,,543 62,https://www.muzeumlyzovani.cz/,POINT(50.5910556 15.5915558),15.5915558,50.5910556,MG96,4021,96,1735644.05233092,6549272.51584244
Muzeum magie Jaroměř,26642646,"Magická lóže Michala Siloráda Patrčky, z.s.",ano,bezbariérové WC ano,jiné,"dokumentuje osobnosti principálů s informacemi, fotografiemi, plakáty a pro atmosféru doby kouzelnickými rekvizitami a uvádí doklady o historii českých kouzelných divadel
",Královéhradecký kraj,CZ052,Náchod,CZ0523,Jaroměř,5206,Jaroměř,574121,Náchodská,432,č.p.,,55101,https://www.muzeummagie.cz/,POINT(50.3618561 15.9348119),15.9348119,50.3618561,MG97,4064,97,1773855.1465946,6509180.38938987
Muzeum města Police nad Metují,00084930,Královéhradecký kraj,ne,bezbariérové WC ne,obecné,dvě multimediální expozice - lidová zbožnost na Broumovsku a Benediktínské Policko - historie Police nad Metují a okolí a zrestaurovaný opatův byt,Královéhradecký kraj,CZ052,Náchod,CZ0523,Náchod,5209,Police nad Metují ,574341,Komenského náměstí,1,č.p.,,54931,https://muzeumnachod.cz/2015/10/10/muzeum-mesta-police-nad-metuji/,POINT(50.5383611 16.2346889),16.2346889,50.5383611,MG98,4116,98,1807237.30153521,6540037.83861909
Muzeum mlýn Dřevíček,45581193,Arne Šubrt,ne,bezbariérové WC ne,průmyslové,"expozice zahrnuje řadu řemenů, které přes malé i velké řemenice roztáčejí větráky taráru, soukolí loupačky, mlecí válce, šnek míchačky, excentr vysévače a další zařízení 
",Královéhradecký kraj,CZ052,Náchod,CZ0523,Náchod,5209,Stárkov,574465,Horní Dřevíč,3,č.p.,,54931,http://mlyndrevicek.cz/,POINT(50.5174422 16.17915),16.17915,50.5174422,MG99,4134,99,1801054.739468,6536374.67577559
Muzeum motocyklů Šestajovice,06874037,Motogalerie Šestajovice z.s.,částečně,"bezbariérové WC ano, nutno překonat jeden schod, bezbariérově přístupno 70 % ",jiné,"více než 100 československých motocyklů, výstava kočárků, panenek a hraček našich babiček; k vidění jsou československé motocykly z let 1934 až 2004",Královéhradecký kraj,CZ052,Náchod,CZ0523,Jaroměř,5206,Šestajovice,547654,Šestajovice,4,č.p.,,55101,https://www.muzeum-motocyklu.cz/,POINT(50.3417392 16.0069958),16.0069958,50.3417392,MG100,4137,100,1781890.62158607,6505670.74917988
Muzeum Náchodska,00084930,Královéhradecký kraj,ano,bezbariérové WC ano,obecné,expozice zachycuje dějiny Náchoda a jeho okolí,Královéhradecký kraj,CZ052,Náchod,CZ0523,Náchod,5209,Náchod,573868,Masarykovo náměstí,1,č.p.,,54701,https://muzeumnachod.cz/,POINT(50.4172708 16.1628811),16.1628811,50.4172708,MG101,4093,101,1799243.69380423,6518855.86344076
"Muzeum Olešnice v Orlických horách, Utzův mechanický betlém",00275174,Obec Olešnice v Orlických horách,ne,bezbariérové WC ne,umělecké,"expozici tvoří mechanický betlém; betlém je unikátní tím, že kromě posuvného pohybu postavy hýbají hlavou, rukama i nohama a v některých případech se i vzájemně přibližují či vzdalují
",Královéhradecký kraj,CZ052,Rychnov nad Kněžnou,CZ0524,Rychnov nad Kněžnou,5213,Olešnice v Orlických horách,576573,Olešnice v Orlických horách,8,č.p.,,51783,https://www.olesnice.net/,POINT(50.3736639 16.3107558),16.3107558,50.3736639,MG102,4108,102,1815705.03010944,6511241.09791989
Muzeum papírových modelů Police nad Metují,00272949,Město Police nad Metují,ne,"bezbariérové WC ne, zrakově postižení pouze po předchozí domluvě",jiné,stálá expozice modelového světa z papírů,Královéhradecký kraj,CZ052,Náchod,CZ0523,Náchod,5209,Police nad Metují,574341,Tyršova,341,č.p.,,54954,http://mpmpm.cz/,POINT(50.5354056 16.2319486),16.2319486,50.5354056,MG103,4115,103,1806932.2527346,6539520.19481651
Muzeum parních strojů,,Jan Tomek,nezjištěno,nezjištěno,průmyslové,sbírka téměř dvou stovek parních strojů,Královéhradecký kraj,CZ052,Hradec Králové,CZ0521,Hradec Králové,5205,Hradec Králové,569810,Na Hrázce,363,č.p.,,50009,https://www.krizemkrazem.net/bonusove-misto/2017/tajne-misto-kralovehradecky/,POINT(50.1990553 15.8628214),15.8628214,50.1990553,MG104,4040,104,1765841.20079265,6480820.34473217
Muzeum Petrof,62028634,"Petrof, spol. s.r.o.",ano,"bezbariérové WC ano ve vedlejší budově, Z - pouze v muzeu, nikoli ve výrobě",umělecké,expozici tvoří přes dvacet nástrojů včetně nejstarších modelů pianin a klavírů,Královéhradecký kraj,CZ052,Hradec Králové,CZ0521,Hradec Králové,5205,Hradec Králové,569810,Na Brně,1955,č.p.,,50006,https://muzeumpetrof.cz/,POINT(50.1926622 15.8522881),15.8522881,50.1926622,MG105,4045,105,1764668.63920028,6479708.63699372
Muzeum piva Dětenice,05295262,Zámecký pivovar Dětenice,ne,,průmyslové,"prohlídka dobových interiérů pivovaru, ukázka výroby piva z 18. století",Královéhradecký kraj,CZ052,Jičín,CZ0522,Jičín,5207,Dětenice,572829,Dětenice,7,č.p.,,50724,https://www.pivovardetenice.cz/,POINT(50.3687989 15.1714069),15.1714069,50.3687989,MG106,4016,106,1688873.29072556,6510391.99136287
Muzeum Podkrkonoší v Trutnově,75119153,Město Trutnov,ne,"bezbariérové WC ne, pouze některé části upravené pro zrakově postižené",obecné,"shromažďuje a eviduje sbírky hmotných dokladů vývoje prehistorie a historie, zejména z území okresu Trutnov, v oborech archeologie, etnografie, historie a dalších pomocných věd historických",Královéhradecký kraj,CZ052,Trutnov,CZ0525,Trutnov,5214,Trutnov,579025,Školní,150,č.p.,,54101,http://www.muzeumtrutnov.cz/,POINT(50.5619197 15.9134922),15.9134922,50.5619197,MG107,4141,107,1771481.84844674,6544165.19180902
Muzeum podzemí Krkonoš,00277720,Městys Černý Důl,částečně,Prostory jsou průchozí pro tělesně postižené. U vstupu je potřeba překonat schůdek.,průmyslové,"historie dolování na území Krkonoš, výstavy regionálních umělců; tematická díla s místní či historickou atraktivitou",Královéhradecký kraj,CZ052,Trutnov,CZ0525,Vrchlabí,5215,Černý Důl,579114,Černý Důl ,48,č.p.,,54344,https://www.cernydul.cz/obcan/turiste/muzeum-cerny-dul/muzeum-podzemi-krkonos/,POINT(50.6342928 15.7109239),15.7109239,50.6342928,MG108,4010,108,1748932.04843988,6556857.53041579
"Muzeum přírodovědy, venkova a trampingu",,Petr Dujka,ne,,přírodovědné,"expozice s tématem venkova - dávná řemeslná náčiní, zrekonstruované zemědělské stroje z dob (nejen) našich dědečků, předměty ze zámecké historie, myslivost, expozice trampingu",Královéhradecký kraj,CZ052,Rychnov nad Kněžnou,CZ0524,Kostelec nad Orlicí,5208,Doudleby nad Orlicí,576301,Rudé armády,305,č.p.,,51742,https://www.zamek-doudleby.cz/cs/prohlidka-zamku/muzeum-prirodovedy,POINT(50.1087442 16.2649642),16.2649642,50.1087442,MG109,4022,109,1810607.53251483,6465129.76288941
Muzeum přírody Český ráj,26634775,Muzeum přírody Český ráj z.s.,částečně,Do prostorů muzea je bezbariérový přístup. U vstupu je potřeba překonat práh. Není k dispozici bezbariérová toaleta.,přírodovědné,"expozice muzea představuje přírodu a historii Českého ráje a zejména Prachovské skály, k expozicím muzea patří také muzejní zahrada s dřevinami a bylinami Českého ráje, snímky z přírody a dětské kresby",Královéhradecký kraj,CZ052,Jičín,CZ0522,Jičín,5207,Holín,572900,Prachov,37,č.p.,,50601,http://www.mpcr.cz/,POINT(50.465365 15.3057061),15.3057061,50.465365,MG110,4029,110,1703823.40928351,6527262.34790616
Muzeum Radeč ,26585588,"Chalupění, z.s.",částečně,"bezbariérové WC ano, většina tras bezbariérová, jen malé procento je bezb. nepřístupno (podzemí a půda)",zemědělské,"exponáty zemědělské a řemeslné techniky a potřeby z bydlení v Podkrkonoší; dále ukázky povozů, pluhů, rádel, žacích strojů, expozice řemesel, prádelnictví a mandlování, zimních sportů Podkrkonoší, retro světnice z 60.-80. let, hračkárna u pejska a kočičky",Královéhradecký kraj,CZ052,Trutnov,CZ0525,Trutnov,5214,Úpice,579777,Radeč ,229,č.p.,,54232,"https://www.muzeum-radec.cz/
https://www.facebook.com/p/Muzeum-Rade%C4%8D-100083166250711/",POINT(50.5080486 15.9911394),15.9911394,50.5080486,MG111,4152,111,1780125.49521226,6534730.26629219
"Muzeum starožitnýh kočárků, panenek a patentních listin",11161264,Josef Hendl,částečně,"bezbariérové WC ne, bezb. přístupno 50 %",jiné,"stálá expozice zajímavých a netradičních kočárků, starých panenek a výrobních patentů
",Královéhradecký kraj,CZ052,Náchod,CZ0523,Náchod,5209,Náchod,573868,Za Sodovkárnou,2108,č.p.,,54701,https://starozitnekocarky.wordpress.com/,POINT(50.4148647 16.1608017),16.1608017,50.4148647,MG112,4098,112,1799012.21605507,6518435.52051519
Muzeum stavebnice Merkur,27489906,MERKUR POLICE o.p.s.,ne,"bezbariérové WC ne, zrakově postižení pouze po předchozí domluvě",jiné,"
expozice se věnuje historii, ale také i současnosti stavebnice Merkur; je zde největší stavba z této stavebnice ""Ocelové Město"" stavitele Jiřího Mládka inspirovaný stejnojmenným románem Julia Verna; dále je v Muzeu postavené velké kolejiště Merkur ""O"" 
",Královéhradecký kraj,CZ052,Náchod,CZ0523,Náchod,5209,Police nad Metují,574341,Tyršova,341,č.p.,,54954,https://www.merkurpolice.cz/,POINT(50.5352539 16.2322906),16.2322906,50.5352539,MG113,4114,113,1806970.32400045,6539493.62605369
Muzeum války 1866,00088382,Královéhradecký kraj,ano,"bezbariérové WC ano, pro zrakově postižené je upravena pouze část výstavy",historické,"expozice historické techniky a uniforem, dále expozice seznamuje s  informacemi o prusko-rakouské válce",Královéhradecký kraj,CZ052,Hradec Králové,CZ0521,Hradec Králové,5205,Všestary,571091,Chlum,66,č.p.,,50312,https://www.muzeumhk.cz/muzeum-valky-1866/,POINT(50.2784306 15.7410358),15.7410358,50.2784306,MG114,4159,114,1752284.0898147,6494635.47644205
"Muzeum Vápenka, Horní Albeřice",00088455,Správa Krkonošského národního parku,ne,,historické,"expozice formou krátkých příběhů doplňujících fotografie představuje sedm století života v albeřickém údolí
",Královéhradecký kraj,CZ052,Trutnov,CZ0525,Trutnov,5214,Horní Maršov,579262,Horní Albeřice,13,č.p.,,54226,"https://www.krkonose.eu/muzeum-vapenka
https://veselyvylet.cz/cz/vv9.php",POINT(50.6962111 15.8456186),15.8456186,50.6962111,MG115,4030,115,1763926.19385643,6567731.8922528
Muzeum východních Čech v Hradci Králové,00088382,Královéhradecký kraj,ano,bezbariérové WC ano,historické,"stálá expozice dějin města Hradce Králové, život královéhradeckých obyvatel v období bastionové vojenské pevnosti až do války z roku 1866, dále expozice ohledně moderní epochy v dějinách města
",Královéhradecký kraj,CZ052,Hradec Králové,CZ0521,Hradec Králové,5205,Hradec Králové,569810,Eliščino nábřeží,465,č.p.,,50001,https://www.muzeumhk.cz/,POINT(50.2116217 15.8289833),15.8289833,50.2116217,MG116,4042,116,1762074.36073124,6483005.97279556
"Muzeum zimních sportů, turistiky a řemesel Deštné v Orlických horách",00274844,Obec Deštné v Orlických horách,částečně,Bezbariérový je celý areál muzea s výjimkou 2 patra. ,historické,"Expozice přibližuje historii obce Deštné v O.H., expozice řemesel, rozsáhlá sbírka předmětů z historie zimních sportů, turistika, skauting.",Královéhradecký kraj,CZ052,Rychnov nad Kněžnou,CZ0524,Rychnov nad Kněžnou,5213,Deštné v Orlických horách,576247,Deštné v Orlických horách,133,č.p.,,51791,https://www.obec-destne.cz/obec/historie-obce/muzeum/,POINT(50.3036936 16.3513253),16.3513253,50.3036936,MG117,4015,117,1820221.20619118,6499037.28884204
Muzeum železnice Doudleby-Vamberk-Rokytnice,00275301,Letohradský železniční klub z.s. ,částečně,"bezbariérové WC ne, bezb. vstup není možný do 2 expozic jinak ano",průmyslové,"expozice představuje historii místní dráhy Doudleby – Vamberk – Rokytnice a historii železnice v regionu Orlických hor; dále expozice parní lokomotivy 328.011 z roku 1956, 2 modelová kolejiště a vůz M131
",Královéhradecký kraj,CZ052,Rychnov nad Kněžnou,CZ0524,Rychnov nad Kněžnou,5213,Rokytnice v Orlických horách,576701,Kasárna,,,,51761,https://info.rokytnicevoh.cz/okoli/muzeum-zeleznice-rokytnice/,POINT(50.1601842 16.4662508),16.4662508,50.1601842,MG118,4121,118,1833014.65433034,6474063.27624305
Opočno v zrcadle času,00371149,Královéhradecký kraj,ne,bezbariérové WC ne,historické,prohlídka nejstaršího domu v Opočně ze 17. století a expozice o historii města,Královéhradecký kraj,CZ052,Rychnov nad Kněžnou,CZ0524,Dobruška,5202,Opočno,576590,U Zvonice,55,č.p.,,51773,"https://www.opocno.cz/expozice-opocno-v-zrcadle-casu-dum-cp-55/os-1060
https://www.moh.cz/opocno-v-zrcadle-casu",POINT(50.2665511 16.1159636),16.1159636,50.2665511,MG119,4109,119,1794020.86159494,6492566.40582722
Památník Františka Kavána,00271764,Obec Libuň,ne,bezbariérové WC ne,umělecké,"expozici obrazů malíře Františka Kavány, nábytek a předměty z jeho pozůstalosti",Královéhradecký kraj,CZ052,Jičín,CZ0522,Jičín,5207,Libuň,573124,Libuň,3,č.p.,,50715,https://libun.cz/obec/pametihodnosti/pomnik-frantiska-kavana/,POINT(50.4984539 15.2978708),15.2978708,50.4984539,MG120,4081,120,1702951.18767729,6533050.99066316
Památník Františka Škroupa,00653381,Obec Osice,ne,bezbariérové WC ne,historické,expozice o životě místního rodáka Františka Škroupa,Královéhradecký kraj,CZ052,Hradec Králové,CZ0521,Hradec Králové,5205,Osice,570532,Osice,1,č.p.,,50326,https://www.osice.cz/turisticke-informace,POINT(50.1431103 15.6855894),15.6855894,50.1431103,MG121,4111,121,1746111.82480037,6471097.01072013
"Památník J. A. Komenského, Bílá Třemešná",00277673,Obec Bílá Třemešná,ne,,historické,"památník prezentuje historické dokumenty, fotografie a mapy",Královéhradecký kraj,CZ052,Trutnov,CZ0525,Dvůr Králové nad Labem,5203,Bílá Třemešná,579068,Bílá Třemešná,1,č.p.,,54472,"https://www.bilatremesna.cz/#
https://www.jakbt.cz/",POINT(50.4415206 15.7471278),15.7471278,50.4415206,MG122,4003,122,1752962.24815261,6523093.4683111
Památník K. V. Raise,00271730,Obec Lázně Bělohrad,částečně,"bezbariérové WC ano - po domluvě, bezbariérový vstup zadním vchodem také po domluvě, jinak u hlavního vchodu nutno překonat 3 schody",obecné,"stálá expozice - život a dílo K. V. Raise, historie Lázní Bělohradu",Královéhradecký kraj,CZ052,Jičín,CZ0522,Jičín,5207,Lázně Bělohrad,573094,Barákova,3,č.p.,,50781,http://www.lazne-belohrad.cz/kultura/pamatnik-k-v-raise/,POINT(50.4306664 15.5812647),15.5812647,50.4306664,MG123,4078,123,1734498.45231922,6521196.44989334
Památník Karla Jaromíra Erbena Miletín,00271811,Město Miletín,částečně,"bezbariérové WC ne, vyvýšené prahy",obecné,"expozice popisují a vykreslují život básníka Karla Jaromíra Erbena, dílo a prostředí, ve kterém se pohyboval",Královéhradecký kraj,CZ052,Jičín,CZ0522,Hořice,5204,Miletín,573175,Barbory Linkové ,142,č.p.,,50771,https://www.miletin.cz/historie/karel-jaromir-erben/rodny-domek/,POINT(50.4059564 15.6800747),15.6800747,50.4059564,MG124,4087,124,1745497.9312045,6516879.436481
Památník Marie a Vojtěcha Sedláčkových v Javornici,00274933,Obec Javornice,ne,bezbariérové WC ne,umělecké,expozice obrazů a krajkářských výrobků,Královéhradecký kraj,CZ052,Rychnov nad Kněžnou,CZ0524,Rychnov nad Kněžnou,5213,Javornice,576336,Javornice,37,č.p.,,51711,"https://pamatnik-javornice.estranky.cz/
https://www.obecjavornice.cz/kultura-a-sdruzeni/kultura/23-pamatnik-marie-a-vojtecha-sedlackovych",POINT(50.1610511 16.3604556),16.3604556,50.1610511,MG125,4069,125,1821237.58653796,6474213.91189442
"Památník, rodný dům Václava Hanky",00268801,Obec Hořiněves,ne,,vlastivědné,expozice věnovaná životu a dílu Václava Hanky,Královéhradecký kraj,CZ052,Hradec Králové,CZ0521,Hradec Králové,5205,Hořiněves,570044,Hořiněves,10,č.p.,,50306,https://www.horineves.cz/muzeum,POINT(50.3120006 15.7651364),15.7651364,50.3120006,MG126,4036,126,1754966.95633451,6500485.2071172
Pamětní síň Foerstrova rodu Osenice,00271471,Obec Dětenice,ne,,historické,expozice věnující se hudebnímu skladateli Josefu Bohuslavu Foersterovi,Královéhradecký kraj,CZ052,Jičín,CZ0522,Jičín,5207,Dětenice,572829,Osenice,27,č.p.,,50724,http://www.obecdetenice.cz/kontakt/,POINT(50.3708453 15.1591747),15.1591747,50.3708453,MG127,4017,127,1687511.60845028,6510749.14656282
Pěchotní srub T-S 20 Pláň,71179844,"Spolek vojenské historie T-S 20 Pláň, z.s.",částečně,"bezbariérové wc ne, bezbariérově přístupno cca 50 %",vojenské,"Expozice se zaměřuje především na československé legionáře v Itálii, události roku 1938 na Broumovsku a radistu výsadku SILVER A Jiřího Potůčka. Expozice 1. a 2. světové války a těsně poválečného období.

",Královéhradecký kraj,CZ052,Náchod,CZ0523,Náchod,5209,Stárkov,574465,Chlívce,,,,54931,https://www.ts20.cz/,POINT(50.5078828 16.1251631),16.1251631,50.5078828,MG128,4133,128,1795044.94525049,6534701.24488492
Pěchotní srub T-S 26,70889759,KVH Odolov z.s.,částečně,"bezbariérové WC ne, bezbariérově přístupno 50 %",vojenské,věnuje se československému opevnění z let 1935-1938,Královéhradecký kraj,CZ052,Trutnov,CZ0525,Trutnov,5214,Rtyně v Podkrkonoší,579637,Rtyně v Podkrkonoší,,,,54233,https://www.t-s26.cz/,POINT(50.5268594 16.0956264),16.0956264,50.5268594,MG129,4124,129,1791756.93484678,6538023.54510987
Pěchotní srub T-S 27,26657147,KVH Brendy z.s.,ne,bezbariérové WC ne,vojenské,expozice přestavuje dvoukřídlý pěchotní srub postavený v I. stupni odolnosti,Královéhradecký kraj,CZ052,Trutnov,CZ0525,Trutnov,5214,Malé Svatoňovice,579513,Odolov,,,,54234,https://www.t-s27.cz/,POINT(50.5299786 16.0942678),16.0942678,50.5299786,MG130,4085,130,1791605.69618659,6538569.76229051
Pevnost Dobrošov,00084930,Královéhradecký kraj,částečně,"bezbariérové WC ano, předem objednat - bezb. přístupno 50 % okruhu",vojenské,"Prohlídka zahrnuje vojenské sruby Můstek, Zelený, podzemní chodby mezi těmito objekty a srub Jeřáb. V návštěvnickém centrum je k vidění expozice československého meziválečného opevnění.",Královéhradecký kraj,CZ052,Náchod,CZ0523,Náchod,5209,Náchod,573868,Dobrošov,97,č.p.,,54701,https://www.pevnostdobrosov.cz/,POINT(50.4024944 16.2022789),16.2022789,50.4024944,MG131,4097,131,1803629.43683861,6516274.78017206
Pevnost Hanička,00275301,Město Rokytnice v Orlických horách,částečně,"bezbariérové WC ne, bezb. přístup není z parkoviště nýbrž přímo od silnice, bezb. je přístupno nádvoří, vstupní expozice, cesty mezi budovami, ale podzemí ne, základní prohlídka dělostřeleckého srubu také ne",vojenské,expozice tvoří šest bojových objektů v podzemí propojených stovkami metrů chodeb a sálů,Královéhradecký kraj,CZ052,Rychnov nad Kněžnou,CZ0524,Rychnov nad Kněžnou,5213,Rokytnice v Orlických horách,576701,Horní Rokytnice,,,,51761,http://www.hanicka.cz/,POINT(50.1962742 16.5096425),16.5096425,50.1962742,MG132,4119,132,1837844.99627899,6480336.71592239
Pevnost Josefov,13585185,Městské kulturní středisko Jaroměř,ano,bezbariérové WC ano,vojenské,expozice obsahuje exponáty k válečným událostem z celého světa,Královéhradecký kraj,CZ052,Náchod,CZ0523,Jaroměř,5206,Jaroměř - Josefov,574121,Okružní,34,č.p.,,55102,https://www.pevnostjosefov.cz/,POINT(50.3384222 15.9250492),15.9250492,50.3384222,MG133,4068,133,1772768.36780183,6505092.20057227
Podorlický skanzen Krňovice,60109106,Dřevozpracující družstvo,ano,bezbariérové WC ano,historické,"ukázky dobových řemesel, strojů a pracovních nástrojů potřebných k životu předešlých generací východních Čech. Dále jsou k vidění stavby lidové architektury přenesené z původních lokalit.
",Královéhradecký kraj,CZ052,Hradec Králové,CZ0521,Hradec Králové,5205,Třebechovice pod Orebem,571041,Krňovice,33,č.p.,,50346,https://www.krnovice.cz/,POINT(50.1902989 15.9822728),15.9822728,50.1902989,MG134,4147,134,1779138.46981519,6479297.71615777
Pohádkové Krkonoše,25942379,CZECH TRAVEL & TOURISTIC s.r.o.,ano,bezbariérové WC ano,jiné,"expozice krkonošských skřítků a pohádkových postaviček, interaktivní, naučná, herní, pohádková výstava",Královéhradecký kraj,CZ052,Trutnov,CZ0525,Trutnov,5214,Svoboda nad Úpou,579734,Rýchorské sídliště,146,č.p.,,54224,https://pohadkove.krkonose.eu/,POINT(50.6337186 15.8116994),15.8116994,50.6337186,MG135,4136,135,1760150.32578432,6556756.75397561
První vojenskohistorické muzeum M. Frosta,00442755,Český svaz bojovníků za svobodu,ano,"bezbariérové WC ano, po domluvě i bezbariérový přístup - výtah",vojenské,exponáty mapující několik historických období a válečných událostí z celého světa,Královéhradecký kraj,CZ052,Náchod,CZ0523,Jaroměř,5206,Jaroměř - Josefov,574121,Riegrovo náměstí,7,č.p.,,55102,https://www.jaromer-josefov.cz/volny-cas/kam-za-kulturou/prvni-vojenskohistoricke-muzeum-m-frosta/,POINT(50.3386647 15.9255694),15.9255694,50.3386647,MG136,4066,136,1772826.27620094,6505134.49586831
Regionální muzeum a galerie Jičín,00084549,Královéhradecký kraj,částečně,"bezbariérové WC ne, bezbariérový přístup pouze do galerie",obecné,stálá expozice Muzea hry – Dějiny a příroda Jičínska - historie a příroda Jičína a jeho nejbližšího okolí,Královéhradecký kraj,CZ052,Jičín,CZ0522,Jičín,5207,Jičín,572659,Valdštejnovo náměstí ,1,č.p.,,50601,https://www.muzeumhry.cz/,POINT(50.4359233 15.3521617),15.3521617,50.4359233,MG137,4070,137,1708994.82302,6522115.1584625
Regionální vojenské muzeum Jestřebích hor,70889759,KVH Odolov z.s.,ne,bezbariérové WC ne,vojenské,"expozice tvoří vojenskou historii od prusko-rakouské války roku 1866 po současnost, se zaměřením na ozbrojené složky, působící na území naší republiky",Královéhradecký kraj,CZ052,Trutnov,CZ0525,Trutnov,5214,Malé Svatoňovice,579513,Nádražní,53,č.p.,,54234,https://www.t-s26.cz/,POINT(50.5300828 16.0489044),16.0489044,50.5300828,MG138,4084,138,1786555.86559793,6538588.00984579
Rentzovo muzeum barokního tisku,16277015,Stanislav Bohadlo,částečně,"bezbariérové WC ne, do druhé části expozice nutno překonat 4 schody",jiné,"Expozice zaměřená na umělce Michaela Heinricha Rentze a jeho sbírku. K vidění jsou barokní tiskárny, ukázky barokního umění a historických barokních řemesel.",Královéhradecký kraj,CZ052,Trutnov,CZ0525,Dvůr Králové nad Labem,5203,Kuks,579416,Kuks ,58,č.p.,,54443,https://www.rentzovomuzeum.cz/,POINT(50.4009628 15.8896175),15.8896175,50.4009628,MG139,4077,139,1768824.12899989,6516007.29235701
Rodný domek Aloise Jiráska,00084930,Královéhradecký kraj,ne,bezbariérové WC ne,obecné,prohlídka domu Aloise Jiráska,Královéhradecký kraj,CZ052,Náchod,CZ0523,Náchod,5209,Hronov,574082,Jiráskova,90,č.p.,,54931,https://muzeumnachod.cz/,POINT(50.4819956 16.1815392),16.1815392,50.4819956,MG140,4060,140,1801320.7039954,6530171.23396533
Rumcajsův svět Radka Pilaře Jičín,13584430,Kulturní zařízení města Jičína,ano,bezbariérové WC ne,pohádkové,expozice ukazuje výjevy ze života pohádkové postavy Rumcajse,Královéhradecký kraj,CZ052,Jičín,CZ0522,Jičín,5207,Jičín,572659,Valdštejnovo náměstí,1,č.p.,,50601,https://www.rumcajsuvsvet.cz/,POINT(50.4363556 15.3519819),15.3519819,50.4363556,MG141,4072,141,1708974.80777556,6522190.7127966
Samostatný pěchotní srub T-S 19 Turov,22830537,KVH T-S 19 Turov z.s.,částečně,"bezbariérové WC ne, bezbariérově přístupné pouze 1. patro",vojenské,zabývá se tematikou československého opevnění a 2. sv. války s vazbou na Broumovsko,Královéhradecký kraj,CZ052,Náchod,CZ0523,Náchod,5209,Hronov,574082,Rokytník,,,,54931,https://www.t-s19.cz/,POINT(50.5054856 16.1336994),16.1336994,50.5054856,MG142,4061,142,1795995.20181975,6534281.65363374
Síň Jarmily Haldové a památník obce Sedloňov,00275352,Obec Sedloňov,ne,bezbariérové WC ne,obecné,stálá expozice řezbářky a výtvarnice Jarmily Haldové,Královéhradecký kraj,CZ052,Rychnov nad Kněžnou,CZ0524,Dobruška,5202,Sedloňov,576743,Sedloňov,155,č.p.,,51791,https://www.sedlonov.cz/index.php/muzea,POINT(50.3395919 16.3138925),16.3138925,50.3395919,MG143,4129,143,1816054.20595621,6505296.21414186
Stálá expozice Františka Kupky a Luboše Sluky,00275191,Město Opočno,ne,bezbariérové WC ne,historické,"expozice věnovaná reprodukci děl Františka Kupky a Luboše Sluky - knihy, nástroje, ukázky hudby, busta, povídání o jejich životě",Královéhradecký kraj,CZ052,Rychnov nad Kněžnou,CZ0524,Dobruška,5202,Opočno,576590,Trčkovo náměstí,1,č.p.,,51773,https://www.opocno.cz/stala%2Dexpozice%2Dfrantiska%2Dkupky%2Da%2Dlubose%2Dsluky/os-1076/p1=4612,POINT(50.2649011 16.1153364),16.1153364,50.2649011,MG144,4110,144,1793951.04201031,6492279.06363698
Stálá expozice Muzea Náchodska,00084930,Královéhradecký kraj,částečně,"bezbariérové WC ano, bezb. přístupno pouze 1. patro",obecné,zachycuje dějiny Náchoda a jeho okolí od pravěku až po současnost,Královéhradecký kraj,CZ052,Náchod,CZ0523,Náchod,5209,Náchod,573868,Masarykovo náměstí,18,č.p.,,54701,https://muzeumnachod.cz/,POINT(50.4172436 16.1632458),16.1632458,50.4172436,MG145,4094,145,1799284.29202252,6518851.11151248
Stará škola Dřevěnka,00084930,Královéhradecký kraj,ne,bezbariérové WC ne,historické,výstava zobrazuje původní barokní patrovou roubenou budovu ve které se nacházejí třídy a byt pana učitele,Královéhradecký kraj,CZ052,Náchod,CZ0523,Náchod,5209,Police nad Metují ,574341,Hvězdecká,15,č.p.,,54931,https://www.muzeumnachod.cz/objekt/stara-skola-drevenka,POINT(50.5372217 16.2346925),16.2346925,50.5372217,MG146,4117,146,1807237.70228538,6539838.27350218
Studijní a vědecká knihovna v Hradci Králové - Galerie U Přívozu a Galerie Automat,00412821,Královéhradecký kraj,ano,bezbariérové WC ano,umělecké,pořádání tématických výstav,Královéhradecký kraj,CZ052,Hradec Králové,CZ0521,Hradec Králové,5205,Hradec Králové,569810,Hradecká ,1250,č.p.,2,50003,https://www.svkhk.cz/,POINT(50.2054639 15.8316733),15.8316733,50.2054639,MG147,4052,147,1762373.81016147,6481934.89722413
Synagoga - Památník Karla Poláčka,00371149,Královéhradecký kraj,ne,bezbariérové WC ne,obecné,expozice dokumentuje historii židovství v Podorlicku a zároveň přibližuje život rychnovského rodáka Karla Poláčka,Královéhradecký kraj,CZ052,Rychnov nad Kněžnou,CZ0524,Rychnov nad Kněžnou,5213,Rychnov nad Kněžnou,576069,Fischerova,602,č.p.,,51601,https://www.rychnov-city.cz/,POINT(50.1627039 16.2761719),16.2761719,50.1627039,MG148,4127,148,1811855.1679718,6474501.11591608
Sýpka - Muzeum Orlických hor,00371149,Královéhradecký kraj,ano,bezbariérové WC ano,přírodovědné,expozice je unikátní třípatrový model lesního biotopu s více než padesáti preparáty živočichů,Královéhradecký kraj,CZ052,Rychnov nad Kněžnou,CZ0524,Rychnov nad Kněžnou,5213,Rokytnice v Orlických horách,576701,Horská,174,č.p.,,51761,www.sypka-moh.cz,POINT(50.1660519 16.4661681),16.4661681,50.1660519,MG149,4120,149,1833005.44820845,6475082.92216336
Šolcův statek - Lapidárium a galerie Karla Šamšiňáka,00084549,Královéhradecký kraj,ne,bezbariérové WC ne,umělecké,každoročně se vystřídají obvykle 4 výstavy výtvarného umění – 1 expozice soch v lapidáriu a 3 výstavy obrazů v ústředním roubeném objektu,Královéhradecký kraj,CZ052,Jičín,CZ0522,Jičín,5207,Sobotka,573493,Šolcova ,133,č.p.,,50743,http://www.solcuvstatek.cz/cs/home/,POINT(50.4672211 15.1789828),15.1789828,50.4672211,MG150,4132,150,1689716.63605586,6527586.95073698
Tkalcovské muzeum z.s. - Dům pod jasanem,22680152,Tkalcovské muzeum z.s.,ano,"bezbariérové WC ne, domluvit předem",jiné,"interaktivní prohlídka ohledně zpracování základních textilních surovin, předení a tkaní, ale také s životem v domácnosti tkalců",Královéhradecký kraj,CZ052,Trutnov,CZ0525,Trutnov,5214,Trutnov,579025,"U Božích muk, Voletiny",22,č.p.,,54101,http://www.dumpodjasanem.cz/,POINT(50.5857928 15.9374661),15.9374661,50.5857928,MG151,4142,151,1774150.61078707,6548349.74916504
Třebechovické muzeum betlémů,45981116,Město Třebechovice pod Orebem,ano,"bezbariérové WC ano, pro zrakově postižené je upravena pouze část výstavy",umělecké,více než 400 betlémů zhotovených z nejrůznějších materiálů a pocházejících ze všech oblastí České republiky,Královéhradecký kraj,CZ052,Hradec Králové,CZ0521,Hradec Králové,5205,Třebechovice pod Orebem,571041,Masarykovo náměstí,1426,č.p.,,50346,https://www.betlem.cz/cz/,POINT(50.2013758 15.9940947),15.9940947,50.2013758,MG152,4146,152,1780454.4777034,6481223.89750611
Válečné muzeum Újezd pod Troskami,64241556,Milan Trakal,částečně,"bezbariérové WC ne, u vstupu nutno překonat tři schody - po předchozí domluvě obsluha pomůže, příp. vynese vozík","historické, vojenské","expozice se zabývá Prusko – Rakouskou válkou, I. světovou válkou, První republikou ve vztahu k regionu Českého ráje",Královéhradecký kraj,CZ052,Jičín,CZ0522,Jičín,5207,Rovensko pod Troskami,577472,Újezd pod Troskami ,25,č.p.,,51263,https://www.valecnemuzeum.cz/,POINT(50.5067292 15.2620922),15.2620922,50.5067292,MG153,4122,153,1698968.332144,6534499.32312565
Vlastivědné muzeum v Dobrušce,00274879,Město Dobruška,ano,"Muzeum je bezbariérové, jsou zde panely s texty a komentovaná prohlídka. Synagoga, která je součástí muzea bezbariérová není.",vlastivědné,"expozice věnovaná dobrušským osobnostem, dějinám města, dějinám dobrušských židů a pamětihodnostem. Expozice „Vojenská geografie“. Židovský hřbitov.",Královéhradecký kraj,CZ052,Rychnov nad Kněžnou,CZ0524,Dobruška,5202,Dobruška,576271,Šubertovo náměstí,45,č.p.,,51801,https://www.kulturadobruska.cz/vlastivedne-muzeum/uvodni-informace/,POINT(50.2923611 16.1620486),16.1620486,50.2923611,MG154,4018,154,1799151.02032815,6497062.43070124
Vlastivědné muzeum v Dobrušce - radnice,00274879,Město Dobruška,částečně,K dispozici jsou panely s texty. ,vlastivědné,Expozice mládí Františka Kupky s originály prvotin tohoto českého malíře. ,Královéhradecký kraj,CZ052,Rychnov nad Kněžnou,CZ0524,Dobruška,5202,Dobruška,576271,náměstí F. L. Věka,1,č.p.,,51801,https://www.kulturadobruska.cz/vlastivedne-muzeum/expozice/stale-expozice/#radnice,POINT(50.2919994 16.1600303),16.1600303,50.2919994,MG155,4019,155,1798926.34419988,6496999.40679634
Vlastivědné muzeum v Dobrušce - rodný domek F. V. Heka (F. L. Věka),00274879,Město Dobruška,částečně,Vstup do budovy není bezbariérový. Je k dispozici bezbariérová toaleta.,vlastivědné,expozice v rodném domku Františka Vladislava Heka (Věka) je věnovaná především této významné osobnosti,Královéhradecký kraj,CZ052,Rychnov nad Kněžnou,CZ0524,Dobruška,5202,Dobruška,576271,Novoměstská,185,č.p.,,51801,https://www.kulturadobruska.cz/vlastivedne-muzeum/expozice/stale-expozice/#domek,POINT(50.2926808 16.1594256),16.1594256,50.2926808,MG156,4020,156,1798859.0293038,6497118.13677442
Vlastivědné muzeum Železnice,00272426,Město Železnice,částečně,"bezbariérové WC ne, bezbariérový přístup pouze na dvůr (konají se zde akce) a do roubené chaty",obecné,"expozice orientované na Prusko-rakouskou válku roku 1866 – zbraně, přilby, nálezy z bojiště, dále expozice ze života našich předků",Královéhradecký kraj,CZ052,Jičín,CZ0522,Jičín,5207,Železnice,573825,Muzejní ,181,č.p.,,50713,https://muzeumzeleznice.webk.cz/,POINT(50.4718267 15.3821236),15.3821236,50.4718267,MG157,4163,157,1712330.1664712,6528392.45310813
Výstavní síň Muzea Náchodska,00084930,Královéhradecký kraj,ne,bezbariérové WC ne,obecné,sezonní výstavy,Královéhradecký kraj,CZ052,Náchod,CZ0523,Náchod,5209,Náchod,573868,Tyršova,247,č.p.,,54701,https://muzeumnachod.cz/,POINT(50.4159308 16.1612131),16.1612131,50.4159308,MG158,4096,158,1799058.01289359,6518621.76433505
Zahrádkářské muzeum,00443182,Územní sdružení Českého zahrádkářského svazu v Hradci Králové,ne,bezbariérové WC ne,přírodovědné,"muzem představuje jak listinný a obrazový materiál, tak časopisy a knihy, které dokumentují kořeny a rozvoj ovocnářství, zelinářství, květinářství, vznik a vývoj zahrádkářského hnutí v Čechách i na Moravě",Královéhradecký kraj,CZ052,Hradec Králové,CZ0521,Hradec Králové,5205,Hradec Králové,569810,Petra Jilemnického,351,č.p.,,50301,https://www.zahradkari.cz/,POINT(50.2301025 15.8029614),15.8029614,50.2301025,MG159,4057,159,1759177.61607377,6486221.31679573
Železniční muzeum Výtopna Jaroměř,48621919,"Společnost železniční výtopna Jaroměř, z.s.",částečně,"bezbariérové WC ne, bezbariérový přístup do cca 90 % prostor",průmyslové,v expozici nejstarší provozuschopná parní lokomotiva z roku 1879,Královéhradecký kraj,CZ052,Náchod,CZ0523,Jaroměř,5206,Jaroměř,574121,Nádražní,227,č.p.,,55101,https://www.vytopnajaromer.cz/,POINT(50.3415917 15.9061036),15.9061036,50.3415917,MG160,4065,160,1770659.35325706,6505645.02148413
