Název,Region,Primární zatřídění,Sekundární zatřídění,Terciální zatřídění,Popis,Název vyššího územního samosprávného celku,Kód vyššího územního samosprávného celku dle číselníku ČSÚ,Název okresu,Kód okresu dle číselníku ČSÚ,Název správního obvodu obce s rozšířenou působností,Kód správního obvodu obce s rozšířenou působností dle číselníku ČSÚ,Název obce,Kód obce dle číselníku ČSÚ,Název ulice,Číslo popisné nebo evidenční podle typu čísla domovního,Typ čísla domovního,Číslo orientační,PSČ,Webové stránky,Telefon č. 1,Telefon č. 2,Mobil č. 1,Mobil č. 2,Mobil č. 3,Fax,Email č. 1,Email č. 2,Email č. 3,Zápis vektorové geometrie,Zeměpisná délka v souřadnicovém systému WGS84,Zeměpisná šířka v souřadnicovém systému WGS84,Jedinečný identifikátor v katalogu otevřených dat Data KHK,ID,x2,y2
Aerobic - Sportovní areál Jičín ,Jičín / Český ráj,Sport a relaxace / Ostatní letní sporty,,,"Cvičí se zde:- aerobic- bodystyling- STEP aerobik- dopolední cvičení pro děti 2 - 4 roky 
 
- odpolední cvičení pro děti 3 - 5 let 
 
2 zrcadlové stěny, 12 &times; 6 m, aparatura - ozvučení, mnoho cvičebních pomůcek pro dospělé i pro děti. 
 




Ceník pronájmu
Kč / hod.

sportovní akce pro děti a mládež
130,-

sportovní akce pro dospělé a komerce
200,- 
 ",Královehradecký kraj,CZ052,Jičín,CZ0522,Jičín,5207,Jičín,572659,Revoluční,863,č.p.,,50601,"www.sport-jicin.cz/vnitrni/aerobic.php
http://www.sport-jicin.cz/podniky_popis.php",420 493 531 860,420493533462,420 604 239 008,,,,posta@sport-jicin.cz,,,POINT(50.44066694 15.36333028),15.36333028,50.44066694,OLS1,1,1710238.1037,6522944.256
Areál Mladé Buky – Relax & Sport Resort,Mladé Buky / Krkonoše,Sport a relaxace / Sjezdové lyžování,Sport a relaxace / Ostatní letní sporty,,"Zimní aktivity Sjezdovky, vleky a lanovky Díky šířce a profilu tratí nabízí areál lyžařské vyžití rodinám s dětmi i lyžařům hledajícím klidnější svahy a vleky bez front. 6 vleků, třísedačková a čtyřsedačková lanová dráha obsluhující 5,1 km denně kvalitně upravovaných a zasněžovaných tratí. Tratě jsou upravovány min. dvakrát denně rolbou, zasněžování probíhá vždy, když jsou vhodné klimatické podmínky. 
 KidPark  
 Pro pohodlnou přepravu je připraven pojezdový koberec a dětský vlek (lano), zajišťující bezpečné první pokusy na sněhu. Pro zpestření výuky jsou k dispozici různé druhy figurek, slalomy a průjezdy pro pobavení. 
 V ""psí boudě"" je pro děti připraveno zázemí. Kidpark naleznete za kulatým skibarem, hned vedle venkovního posezení.  
 Pro zákazníky lyžařské školy HELLISH HILL je zde vyhrazen oddělený prostor, ve kterém se začátečníci učí prvním lyžařským krůčkům.SnowPark Ve Snowparku, patřícím k Areálu Mladé Buky došlo k úpravě (zmenšení) překážek, aby si na své přišli nejen snowboardisté, ale také rodiny s dětmi.Snowpark je oddělen od areálu a má vlastní sjezdovku i vlek. Na sjezdovce o délce 500 m na vás čeká 8 překážek. Snowpark je pro vás otevřen každý den zimní sezóny a je upravován vždy před víkendem. 
 Večerní lyžování Večerní lyžování na 4,1 km upravených a osvětlených tratí vám každý večer nenabídne žádný jiný areál v ČR.  
 Večerní jízdy probíhají denně od 18 do 21 hodin.  
 Běžecké tratě Příznivcům klasického lyžování je připraven 5 km dlouhý běžecký okruh. Projedete se krásnou krajinou s výhledem na Krkonoše a užijete si dokonalý sportovní zážitek. 
 Bobová dráha Berta V horních pasážích vás uchvátí dokonalé výhledy na východní Krkonoše. Tento typ bobové dráhy umožňuje celoroční provoz i za nepříznivých podmínek. Dalším nezapomenutelným zážitkem je večerní jízda na osvětlené bobové dráze.  
 Dovolená s dětmi - nabídkaKidpark s pojezdovým kobercem a dětským vlekem. Děti při výuce lyžování provází psí maskot Balda a pro zpestření výuky jsou k dispozici různé druhy figurek, slalomy a průjezdy. Pro děti je zde také připraveno zázemí s celodenním pitným režimem - možnost hlídání dětí. Balda má navíc každou sobotu odpoledne od 13hod pro děti připraven program plný her a soutěží o drobné ceny. 
 ",Královehradecký kraj,CZ052,Trutnov,CZ0525,Trutnov,5214,Mladé Buky,579548,Kalná Voda,7,č.p.,,54223,www.areal-mladebuky.cz,420 499 940 950,,420 775 340 712,,,,info@areal-mladebuky.cz,,,POINT(50.60050389 15.84490306),15.84490306,50.60050389,OLS2,2,1763846.5403,6550929.4151
Areál pozemního hokeje a malé kopané Farářství,Hradec Králové / Hradecko,Sport a relaxace / Ostatní letní sporty,,,"Kromě zmiňovaných hřišť zde byl vybudován také nový šatnový objekt s tribunou se zhruba 120 místy pro sezení, 31 parkovacích míst a autobusová zastávka, u které je největší zvláštností ponechaný elektrický sloup uprostřed vozovky zastávky. V areálu jsou také 4 stožáry s osvětlením. 
 
Součástí budovy se zázemím jsou šatny pro 8 týmů, klubovna a občerstvení pro hráče i diváky. Areál je kompletně ozvučen a mělo by zde fungovat i bezdrátové připojení k internetu (WiFi).Od 20. do 26. července 2014 se v tomto moderním areálu uskutečnilo Mistrovství Evropy juniorů v pozemním hokeji. 
 ",Královehradecký kraj,CZ052,Hradec Králové,CZ0521,Hradec Králové,5205,Hradec Králové,569810,Kuklenská,1132,č.p.,,50002,http://www.ph-slaviahk.cz/,,,420 773 198 383,420724163054,420603175223,,stepanka.smidova@seznam.cz,marek.machut@gmail.com,david.bendak@ellacs.eu,POINT(50.20173806 15.80936083),15.80936083,50.20173806,OLS3,3,1759889.9974,6481286.8991
"Areál sportovních a volnočasových aktivit, Jaroměř",Jaroměř / Kladské pomezí,Sport a relaxace / Ostatní letní sporty,,Bez bariér / Služby,"V bezprostřední blízkosti areálu se nachází školní areály - Gymnázium, ZŠ a Střední škola řemeslná.  
 Atletický stadionAtletická dráha s umělým povrchem (400m)Velké travnaté hřiště kopanéAtletické sektory - skok daleký, skok do výšky, vrh koulí, hod oštěpem, kladivem a diskemHřiště pro malou kopanou s umělým povrchemObjekt letních šatenZáchytné parkovištěVíceúčelová halaBezbariérový přístupHala s vnitřním rozměrem 46 x 23 m, výška 10,5 mHorolezecká stěnaTribuna pro 210 divákůRecepceŠatnyUmývárny se sprchami a WCOšetřovna",Královehradecký kraj,CZ052,Náchod,CZ0523,Jaroměř,5206,Jaroměř,574121,Ot. Španiela,817,č.p.,,55101,www.jaromer-josefov.cz,,,420 604 968 412,420734319013,,,sportovni-areal-jaromer@seznam.cz,,,POINT(50.34960500 15.91860000),15.9186,50.349605,OLS4,4,1772050.4461,6507042.8575
Billiard club Hradec Králové,Hradec Králové / Hradecko,Sport a relaxace / Ostatní letní sporty,,,"Billiard club Hradec Králové je moderní sportovní kulečníkový klub (bar), který se nachází v docházkové vzdálenosti centra Hradce Králové. Stávající prostory kulečníkového klubu mají více než 500 m2 a prošly rozsáhlou rekonstrukcí, jejímž cílem bylo upravit prostor tak, aby byl zajištěn ničím nerušený prožitek při hraní kulečníkových her. Pro zvýšení komfortu při hře je celý prostor klubu klimatizovaný a nekuřácký. Klub je osazen celkem 11 stoly v závodní kvalitě (3x snooker - 12 stop, 7x pool - 9 stop a 1x karambol - 230). Ke hraní Vám budou zapůjčeny kvalitní tága a profesionální koule Super Aramith Pro. Klub je určen pro hráče všech věkových a výkonnostních kategorií. Součástí klubu je rovněž bar, kde je pro Vás připraven široký sortiment nealkoholických a alkoholických nápojů, jakož i drobné občerstvení. Samozřejmostí je bezbariérový přístup, profesionální obsluha, možnost bezdrátového připojení k internetu a promítání sportovních přenosů. V klubu jsou pravidelně pořádány turnaje pro amatéry i závodní hráče. V klubu probíhá rovněž výuka kulečníku pod vedením zkušených trenérů. Kulečník, jak jej neznáte = Billiard club Hradec Králové!  
 ",Královehradecký kraj,CZ052,Hradec Králové,CZ0521,Hradec Králové,5205,Hradec Králové,569810,Milady Horákové,51,č.p.,,50006,www.billiardclubhk.cz,,,420 776 205 728,420777603365,,,jklimes@billiardclubhk.cz,imuska@billiardclubhk.cz,,POINT(50.18540389 15.84680889),15.84680889,50.18540389,OLS5,5,1764058.6963,6478446.6567
Bowling - hotel Paříž,Jičín / Český ráj,Sport a relaxace / Ostatní letní sporty,,,"Zde můžete využít bowlingovou dvojdráhu, bar s tanečním parketem a velkoplošnou projekcí, dále kulečník, šipky a stolní fotbal, golfový simulátor, sqash.  
 
V případě dotazu na provoz a objednávku na bowling volejte tel. číslo:  602 544 975  (po 15 hod.).  
 ",Královehradecký kraj,CZ052,Jičín,CZ0522,Jičín,5207,Jičín,572659,Žižkovo náměstí,3,č.p.,,50601,www.hotel-pariz-jicin.cz,420 493 532 750,,420 720 997 605,,,,info@hotel-pariz-jicin.cz,,,POINT(50.43646389 15.35463806),15.35463806,50.43646389,OLS6,6,1709270.4902,6522209.6391
Bowling – penzion Hartaclub,Vrchlabí / Krkonoše,Sport a relaxace / Ostatní letní sporty,,,"Cena: 180 Kč / hodina / dráha 
 ",Královehradecký kraj,CZ052,Trutnov,CZ0525,Vrchlabí,5215,Vrchlabí,579858,Jana Opletala,154,č.p.,,54303,www.hartaclub.cz,,,420 777 928 794,,,,hartaclub@seznam.cz,,,POINT(50.59305556 15.61777778),15.61777778,50.59305556,OLS7,7,1738563.0698,6549623.2111
Bowling - Sport bar Jičín,Jičín / Český ráj,Sport a relaxace / Ostatní letní sporty,,,"K dispozici : bowling 2dráhy (ligové rozměry), kulečník, fotbálek, sázková kancelář, jukebox, plazmové televize s velkým množstvím sportovních kanálů. 
 
Možnost upravení drah pro děti. 
 
Nekuřácké oddělení.  
 
Minutky dle nabídky na objednávku. 
 ",Královehradecký kraj,CZ052,Jičín,CZ0522,Jičín,5207,Jičín,572659,Na Jihu,553,č.p.,,50601,www.rento-jc.cz,420 493 538 998,420731181331,,,,,jakub.senekl@centrum.cz,,,POINT(50.42505944 15.35370806),15.35370806,50.42505944,OLS8,8,1709166.963,6520216.6764
Bowling – Victory club,Vrchlabí / Krkonoše,Sport a relaxace / Ostatní letní sporty,,,"Ceník:  
 15:00&ndash;19:00    280 Kč/hodina 
 19:00&ndash;23:00    320 Kč/hodina 
 Akce pro školy:  240 Kč/hodina 
  
 ",Královehradecký kraj,CZ052,Trutnov,CZ0525,Vrchlabí,5215,Vrchlabí,579858,V. Hálka,1154,č.p.,,54301,www.victoryclub.cz,,,420 736 772 487,420734717173,,,m.kovarna@tiscali.cz,,,POINT(50.62447694 15.61133500),15.611335,50.62447694,OLS9,9,1737845.8628,6555134.9421
Bowling Bar v Centru Walzel,Meziměstí / Broumovsko,Sport a relaxace / Ostatní letní sporty,,,"4 bowlingové dráhy firmy QubicaAMFVšechny dráhy jsou strojově mazané profesionální mazačkouDětský bowling - možnost nastavení mantinelů pro dětiLaserová střelnice, jukebox, šipky, kulečníkFiremní a individuální turnajeFiremní večírky, akce, zábavy, rauty, narozeninové pártyširoká nabídka alko i nealko nápojů ",Královehradecký kraj,CZ052,Náchod,CZ0523,Broumov,5201,Meziměstí,574252,Dlouhá,138,č.p.,,54981,www.walzel.cz/bowling-bar,,,420 702 208 610,420724351801,,,boulas@walzel.cz,,,POINT(50.62525333 16.23894361),16.23894361,50.62525333,OLS10,10,1807710.9337,6555271.1779
"Bowling bar, Svoboda nad Úpou",Svoboda nad Úpou / Krkonoše,Sport a relaxace / Ostatní letní sporty,,,"Běžná cena za pronájem bowlingové dráhy : 220 Kč/hod. 
  ",Královehradecký kraj,CZ052,Trutnov,CZ0525,Trutnov,5214,Svoboda nad Úpou,579734,nám. Svornosti,497,č.p.,,54224,cs.mestanskydum.cz,,,420 606 345 771,,,,ubytovani@mestanskydum.cz,mestansky.dum497@gmail.com,,POINT(50.62562972 15.81685250),15.8168525,50.62562972,OLS11,11,1760723.9663,6555337.2252
BR Sport Centrum Rychnov nad Kněžnou,Rychnov nad Kněžnou / Orlické hory a Podorlicko,Sport a relaxace / Ostatní letní sporty,,,"Jsme moderní sportovně-relaxační centrum určené pro všechny pohyb milující generace. U nás můžete strávit volný čas nejenom u raketových sportů, ale i u různých jiných pohybových aktivit ať už individuálních či skupinových. Nabízíme například: squash, tenis, badminton, cardiofitness, aerobic, powerjogu, stolní tenis, zumbu ... 
 ",Královehradecký kraj,CZ052,Rychnov nad Kněžnou,CZ0524,Rychnov nad Kněžnou,5213,Rychnov nad Kněžnou,576069,Javornická,1705,č.p.,,51601,www.brsportcentrum.cz,420 494 620 249,,420 773 047 791,,,,recepce@brsportcentrum.cz,,,POINT(50.16542806 16.28519000),16.28519,50.16542806,OLS12,12,1812859.0583,6474974.5099
Cablewakepark Hradec Králové,Hradec Králové / Hradecko,Sport a relaxace / Adrenalinové sporty,Sport a relaxace / Ostatní letní sporty,,"Cablewakepark Hradec Králové je ideálním místem kde aktivně trávit volný čas. Na krásně čisté vodě jsou pro Vás připraveny tři vleky, včetně kompletního zázemí s parkovištěm, plně vybavenou půjčovnou, občerstvením a barem. Na jednom místě vše co si můžete přát pro wakeboarding a další vodní sporty. ",Královehradecký kraj,CZ052,Hradec Králové,CZ0521,Hradec Králové,5205,Hradec Králové,569810,Pardubická,,,,50004,www.cablewakepark.cz,,,420 720 519 331,,,,info@cablewakepark.cz,,,POINT(50.19095556 15.78696250),15.7869625,50.19095556,OLS13,13,1757396.6267,6479411.8914
Elektro Bike & Buggy Centrum,Špindlerův Mlýn / Krkonoše,Sport a relaxace / Ostatní letní sporty,,,"Dětská šlapací buginaNechte děti závodit ve šlapacích buginách na vytyčené závodní dráze.Do jedné buginy se vejde vždy jedno dítě.Půjčovnu najdete u dolní stanice lanovky Medvědín.E-GranTourProjeďte se po Špindlu ve čtyřkolových vozidlech E-GranTour s elektrickým pohonem.V těchto sedadlových strojích se pohybujete jak za pomoci šlapání, tak i elektro podpory.Půjčovnu najdete u dolní stanice lanovky Medvědín.K řízení vozidla nepotřebujete řidičský průkaz.Vozidlo E-GranTour je ideální pro přepravu dvou dospělých a dvou dětí.Ekologický způsob přepravy po Špindlerově Mlýně a jeho okolí s minimální námahou. Poslední vypůjčení je možné hodinu před koncem provozu.",Královehradecký kraj,CZ052,Trutnov,CZ0525,Vrchlabí,5215,Špindlerův Mlýn,579742,Bedřichov,88,č.p.,,54351,www.skiareal.cz/objevujte-a-bavte-se-1/elektro-bike-a-buggy-centrum,420 499 467 101,,420 601 087 639,420724388215,,,,,,POINT(50.73389333 15.60660250),15.6066025,50.73389333,OLS14,14,1737319.0433,6574356.838
ENERGY FLOW studio Vrchlabí,Vrchlabí / Krkonoše,Sport a relaxace / Ostatní letní sporty,,,"Kdy se cvičí? 
 Skupinové lekce jsou pořádány několikrát v týdnu. 
 Motto: 
 Načerpejte novou energii v našem studiu. U nás cvičíme pro radost. 
   
 ",Královehradecký kraj,CZ052,Trutnov,CZ0525,Vrchlabí,5215,Vrchlabí,579858,Krkonošská,153,č.p.,,54301,natura.isportsystem.cz,,,420 604 101 703,,,,wellness@gendorf.cz,,,POINT(50.62588444 15.61249861),15.61249861,50.62588444,OLS15,15,1737975.3953,6555381.9226
Fit club Jičín,Jičín / Český ráj,Sport a relaxace / Ostatní letní sporty,,,,Královehradecký kraj,CZ052,Jičín,CZ0522,Jičín,5207,Jičín,572659,Lidické Náměstí,11,č.p.,,50601,www.fitclubjicin.cz,,,420 737 948 738,,,,petr.kordik@centrum.cz,,,POINT(50.43087500 15.34798611),15.34798611,50.430875,OLS16,16,1708529.9985,6521232.9034
Fit4Fun Flošna,Hradec Králové / Hradecko,Sport a relaxace / Ostatní letní sporty,,,"Dozvíte se, jak s cvičením začít a hlavně vydržet! Po cvičení ve fitness máte rovněž 20% slevu na vstup do Wellness studia Flošna. 
 ",Královehradecký kraj,CZ052,Hradec Králové,CZ0521,Hradec Králové,5205,Hradec Králové,569810,Malšovická,779,č.p.,,50009,www.fit4funflosna.cz,420 495 582 498,,,,,,info@fit4funflosna.cz,,,POINT(50.20520861 15.84226278),15.84226278,50.20520861,OLS17,17,1763552.6257,6481890.4956
Fitness - Sportovní areál Jičín,Jičín / Český ráj,Sport a relaxace / Ostatní letní sporty,,,"Posilovna:- posilovací stroje- velký výběr činek- zrcadlová stěna- solárium- bar pro občerstvení- prodej doplňků sportovní výživy 
 ",Královehradecký kraj,CZ052,Jičín,CZ0522,Jičín,5207,Jičín,572659,Revoluční,863,č.p.,,50601,www.fitnessjicin.cz,,,420 773 277 933,,,,martinjiric@seznam.cz,,,POINT(50.44066694 15.36333028),15.36333028,50.44066694,OLS18,18,1710238.1037,6522944.256
"Fitness centrum KB, Jičín",Jičín / Český ráj,Sport a relaxace / Ostatní letní sporty,,,"Prostorné fitness v příjemném klimatizovaném prostředí, kompletně vybavené posilovacími stroji od firmy Classic Gym. K dispozici je Vám kvalitní cardio zóna s přístroji značky Kettler. Připravena jsou pro Vás čtyři moderní solária značky Luxura s širokým sortimentem solární kosmetiky.  
 Prodej sportovní výživy, doplňků stravy vhodné pro posilování, fitness, wellness, aerobic i hubnutí a také nejrůznější produkty pro rychlou regeneraci Vašeho organismu. Kromě doplňků stravy se zde prodává také sportovní oblečení značek UNCLE SAM, NO LIMTS, LEGAL POWER. 
 ",Královehradecký kraj,CZ052,Jičín,CZ0522,Jičín,5207,Jičín,572659,17. listopadu,1074,č.p.,,50601,www.fitnesskb.webnode.cz,,,420 605 529 934,420605901248,420733315099,,jar.hlava@email.cz,,,POINT(50.43411583 15.35398250),15.3539825,50.43411583,OLS19,19,1709197.5135,6521799.2691
Fitness v Centru Walzel,Meziměstí / Broumovsko,Sport a relaxace / Ostatní letní sporty,,,"Pokud máte den naplněný do poslední minuty, na aerobní a posilovací trénink vám zřejmě často moc času nezbývá. Nebo nevíte jak na kterých strojích cvičit a proto do fitness nechodíte?  Řešením je kruhový trénink, který v sobě kloubí výhody aerobního cvičení s posilováním svalů. A to všechno navíc zvládnete během jedné hodiny za dohledu a rad trenéra. Jeden cvik za druhým cvičíte v poměrně rychlém tempu, zrychluje se tepová frekvence a to má pozitivní vliv na kardiovaskulární zdraví i na Vaši vytrvalost. Navíc každý cvik vyžaduje vynaložení poměrně velké síly. Tím je zaručena velká účinnost. 
 Kruhový trénink je zaměřen na posílení všech svalových skupin, trénink je totiž rozdělen na 10 stanovišť, kde na každém stanovišti procvičujete jinou svalovou partii. Před tréninkem se lehce protáhnete pro zahřátí svalů a na konci hodiny je klasický strečink. Zvukový signál Vás upozorní na změnu stanoviště. Po celou dobu tréninku je Vám k dispozici trenér, který na začátku ukáže, jak jednotlivé cviky dělat. 
 Kapacita je omezená na 10 osob. rezervace míst emailem fitness@walzel.cz nebo na tel.: 724 351 801 
 ",Královehradecký kraj,CZ052,Náchod,CZ0523,Broumov,5201,Meziměstí,574252,Dlouhá,138,č.p.,,54981,www.walzel.cz/posilovna,,,420 702 209 974,420724351801,,,"info@walzel.cz
fitness@walzel.cz",,,POINT(50.62525333 16.23894361),16.23894361,50.62525333,OLS20,20,1807710.9337,6555271.1779
Fotbalgolf,Rokytnice v Orlických horách / Orlické hory a Podorlicko,Sport a relaxace / Ostatní letní sporty,Sport a relaxace / Ostatní letní sporty,,"V blízkosti Fotbal parku se nachází Penzion ORLICKO, který poskytuje zázemí nejen pro nově vzniklý fotbalgolf, ale i pro 9 jamkové golfové hřiště, které je taktéž v blízkosti penzionu.",Královehradecký kraj,CZ052,Rychnov nad Kněžnou,CZ0524,Rychnov nad Kněžnou,5213,Rokytnice v Orlických horách,576701,Nebeská Rybná ,3,č.p.,,51761,,,,,,,,,,,POINT(50.1914306 16.4202933),16.4202933,50.1914306,OLS21,21,1827898.6888,6479494.4889
Fotbalový a atletický stadion – areál Vejsplachy,Vrchlabí / Krkonoše,Sport a relaxace / Ostatní letní sporty,,," 				Areál má ve správě fotbalový klub FC Vrchlabí, má zde i své zázemí. Původní stadion Na Bělidle, který v 50. letech vznikl jako dočasné řešení, získala automobilka Škoda Auto pro rozšíření svého závodu na výrobu automatických převodovek.  		 
  		 				Stavba zahrnuje:  				Hlavní travnaté fotbalové hřiště, tréninkové fotbalové hřiště s umělým trávníkem páté generace, menší tréninkovou travnatou plochu, atletický ovál s umělým povrchem, tribunu včetně zázemí pro sportovce (osm šaten), obslužný objekt a ostatní doprovodné stavby; dopravní infrastrukturu tvoří přístupové chodníky, parkoviště, lávka pro pěší, úprava okružní křižovatky, inženýrské sítě &ndash; vodovod, kanalizace, elektro a ostatní areálová technická infrastruktura. 		 
 Video prezentaci areálu naleznete na odkazu ZDE 
 ",Královehradecký kraj,CZ052,Trutnov,CZ0525,Vrchlabí,5215,Vrchlabí,579858,Valteřická,1655,č.p.,,54301,www.fcvrchlabi.cz,,,420 775 862 308,,,,stadion@fcvrchlabi.cz,,,POINT(50.61899861 15.59561111),15.59561111,50.61899861,OLS22,22,1736095.4874,6554173.7046
Fotbalový a atletický stadion Trutnov,Trutnov / Krkonoše,Sport a relaxace / Ostatní letní sporty,,,"Občerstvení pro diváky je zajištěno ve stylové fotbalové restauraci a dvou bufetech přímo na tribuně. 
 
Dále se v areálu nachází moderně zařízená rehabilitační místnost, krytý 80 m atletický tunel a sklady a skládky pro potřeby oddílů. 
 ",Královehradecký kraj,CZ052,Trutnov,CZ0525,Trutnov,5214,Trutnov,579025,Na Lukách,,,,54101,www.sportoviste-trutnov.cz,,,420 736 641 434,420603355445,,,horak@mebys.cz,spravci.mfk@seznam.cz,,POINT(50.56282000 15.91438000),15.91438,50.56282,OLS23,23,1771580.6779,6544322.961
Gapa centrum Rychnov nad Kněžnou,Rychnov nad Kněžnou / Orlické hory a Podorlicko,Sport a relaxace / Ostatní letní sporty,,,"Víceúčelové sportoviště nabízí prostory pro bowling, squash a ricochet. Občerstvit se můžete v místním baru. 
 ",Královehradecký kraj,CZ052,Rychnov nad Kněžnou,CZ0524,Rychnov nad Kněžnou,5213,Rychnov nad Kněžnou,576069,Mírová,1474,č.p.,,51601,www.gapacentrum.cz,420 494 661 367,,,,,,panel@gapasro.cz,,,POINT(50.16229306 16.28429806),16.28429806,50.16229306,OLS24,24,1812759.768,6474429.7241
HAPPY LIFE PILATES,Hradec Králové / Hradecko,Sport a relaxace / Ostatní letní sporty,,,"PILATES 
 je ucelený pohybový program VHODNÝ PRO KAŽDÉHO  
  bez rozdílu věku, váhy, fyzické kondice či pohlaví. Speciální metoda stará více než 100 let, pojmenovaná po svém objeviteli kterým byl Joseph PILATES 
   
  PILATES- nevyčerpává, naopak DODÁVÁ ENERGII, vaše tělo nejen LÉČÍ, ale z gruntu MĚNÍ! 
  &middot; rozvíjí koordinaci, sílu, rovnováhu, flexibilitu a dýchání, aktivuje stabilizační systém těla, posiluje hluboké svalstvo 
  &middot; Posiluje celý svalový řetězec jako základ správného držení těla, regeneruje svaly, kosti i klouby.  
  &middot; nenásilnou formou odstraňuje špatné pohybové návyky a důsledky jednostranného zatěžování a přetěžování pohybového aparátu (způsobené dlouhodobým sezením, stáním, jednostrannou činností) 
  PILATES  -  odstraňuje  nebo zmírňuje bolesti zad, především krční a bederní oblasti, zlepšuje hybnost a celkový stav páteře 
  PILATES &ndash;  řeší problematiku pánevního dna (stresové inkontinence, bolestivé menstruace, problémy s početím a jiné) 
  PILATES &ndash; je přínosem pro astmatiky, uvolňuje stresové napětí, zkvalitňuje dýchání, kardiovaskulární a oběhový systém, zlepšuje funkci lymfatického systému 
  PILATES &ndash; napomáhá lidem po zvláštních událostech (po operaci kyčlí, kolen, po porodu i po onkologické léčbě či prožitém životním traumatu) vrátit se k běžnému životu a zregenerovat tělo i ducha  
 ",Královehradecký kraj,CZ052,Hradec Králové,CZ0521,Hradec Králové,5205,Hradec Králové,569810,Velké náměstí,148,č.p.,,50003,http://happylifepilates.cz,,,420 702 010 039,,,,info@happylifepilates.cz,,,POINT(50.20970389 15.83300389),15.83300389,50.20970389,OLS25,25,1762521.9308,6482672.3779
Horský penzion Bowling Horní Malá Úpa,Malá Úpa / Krkonoše,Ubytování a stravování / Penziony,Sport a relaxace / Ostatní letní sporty,Bez bariér / Služby,Na každé dráze mohou hrát max. 4 hráči.11:00–14:00 : 280 Kč / 1 dráha14:00–18:00 : 330 Kč / 1 dráha18:00–23:00 : 380 Kč / 1 dráhaUbytovaní mají slevu 10% na bowlingové dráhy.,Královehradecký kraj,CZ052,Trutnov,CZ0525,Trutnov,5214,Malá Úpa,579505,Horní Malá Úpa,132,č.p.,,54227,,,,420 602 354 583,,,,info@bowlingmalaupa.cz,,,POINT(50.74534389 15.82430111),15.82430111,50.74534389,OLS26,26,1761553.1417,6576371.0267
"Letní areál Na hřišti, Houdkovice",Dobruška / Orlické hory a Podorlicko,Sport a relaxace / Ostatní letní sporty,,,"Pokud budete přijíždět směrem od obce Trnov, uvidíte jej ještě před příjezdem do obce po pravé straně. Na první křižovatce, kterou budete mít po pravé straně odbočíte doprava a přijedete přímo k areálu. Pokud budete přijíždět směrem od obce Byzhradec nebo Voděrady musíte projet po hlavní silnici celou obcí. Na poslední křižovatce, kterou budete mít po levé straně, odbočíte doleva a přijedete přímo k areálu.  
 V nově zrekonstruovaném areálu v Houdkovicích jsou v roce 2017 pořádány tyto akce: 
 30.4. Čarodějnice 
 6.5. Dětská soutěž Plamen 
 8.5. Podorlická liga - závody v požárním útoku 
 3.6. Taneční zábava - 4 WATTY 
 1.7. Fotbalový turnaj 
 2.7. Pouťové odpoledne s hudbou k poslechu od 15:00, předtím zápas svobodní:ženatí 
 5. 7. Výstava závodních speciálů, večer taneční zábava se skupinou Rocksorry 
 15.7. Diskotéka, DJ Pacoš 
 25.8. Taneční zábava se skupinou Rocksorry 
 2.9. Dětský den 
 Zábavy začínají pravidelně v 20:00 hodin, soutěže dětí v 8:00, dospělých od 10:00 a dětský den v 15:00.  
  
 ",Královehradecký kraj,CZ052,Rychnov nad Kněžnou,CZ0524,Dobruška,5202,Trnov,576824,Houdkovice,105,č.p.,,51801,http://www.sdhhoudkovice.estranky.cz/clanky/letni-areal-na-hristi.html,,,420 736 143 194,,,,jirka.rizek@centrum.cz,,,POINT(50.22823278 16.16816167),16.16816167,50.22823278,OLS27,27,1799831.5242,6485895.9608
LLAMARO Doudleby nad Orlicí,Doudleby nad Orlicí / Orlické hory a Podorlicko,Sport a relaxace / Ostatní letní sporty,,,"Nabídka: fitbox, jumping, kickbox, kruhový trénink, martial arts, zumba",Královehradecký kraj,CZ052,Rychnov nad Kněžnou,CZ0524,Kostelec nad Orlicí ,5208,Doudleby nad Orlicí,576301,Komenského,325,č.p.,,51742,www.llamaro.com,,,420 731 328 250,,,,info@llamaro.com,,,POINT(50.10691389 16.25814389),16.25814389,50.10691389,OLS28,28,1809848.2991,6464812.0723
Lukostřelba v Centru Walzel,Meziměstí / Broumovsko,Sport a relaxace / Ostatní letní sporty,,,"Lukostřelba je velice elegantní sport a nabízí Vám sportovní zážitek z technicky dobře provedeného výstřelu, vzrušující a uspokojivý pocit z přesného zásahu. Vhodné pro ženy i muže od 10 let (potřebná síla k natažení tětivy u luku). Pro děti máme připravený dětský luk.  
 ",Královehradecký kraj,CZ052,Náchod,CZ0523,Broumov,5201,Meziměstí,574252,Dlouhá,138,č.p.,,54981,www.walzel.cz/lukostrelba,,,420 702 208 519,,,,strelnice@walzel.cz,,,POINT(50.62525333 16.23894361),16.23894361,50.62525333,OLS29,29,1807710.9337,6555271.1779
Nordic Walking Live,Hradec Králové / Hradecko,Sport a relaxace / Ostatní letní sporty,,,"Centrum Nordic Walking Live je také místem setkání lidí, bez rozdílu pohlaví, věku i kondice. 
  Dozvíte se zde vše nejen o dynamicky se rozvíjející zdravotně-sportovní aktivitě zvané Nordic Walking, ale máte možnost se aktivně připojit k již velmi početné rodině lidí, kteří tento sport pravidelně provozují nejen ke zlepšení své kondice. 
  Naše centrum Vám dále představí velice efektivní způsob hubnutí a formování postavy za asistence odborníků na výživu a zdravý pohyb. 
 ",Královehradecký kraj,CZ052,Hradec Králové,CZ0521,Hradec Králové,5205,Hradec Králové,569810,Čelakovského,487,č.p.,,50002,,,,420 775 319 600,,,,jaruska@nwlive.cz,,,POINT(50.21252083 15.82332889),15.82332889,50.21252083,OLS30,30,1761444.9147,6483162.3773
Penzion Motobydlo,Hronov / Kladské pomezí,Ubytování a stravování / Penziony,Ubytování a stravování / Stravování,Sport a relaxace / Ostatní letní sporty,"Penzion Motobydlo je součástí sportovního areálu s 22 sportovními atrakcemi. Nabízí  ubytování zdarma v rámci pronájmu sportovišť. Je vybaven restaurací s krbem, barem s provozem nonstop, snídaňovým salonkem, prostorami pro školení, letní terasou nad splavem na říčce Olšavce, kde je možnost vlastního výlovu pstruhů. 
 Kapacita penzionu je 90 lůžek, většina pokojů je vybavena vlastním sociálním  zařízením. Ve všech prostorách objektu je přístupné WiFi zdarma. V baru je TV se satelitním příjmem. Parkování v areálu zdarma. 
 ",Královehradecký kraj,CZ052,Náchod,CZ0523,Náchod,5209,Hronov,574082,Velký Dřevíč,111,č.p.,,54934,"http://www.motokary-motobydlo.cz/ubytovani.html
",420 491 481 260,,420 602 312 722,420777622677,,420 491 481 260,motobydlo.som@iol.cz,,,POINT(50.49382389 16.18202694),16.18202694,50.49382389,OLS31,31,1801374.999,6532240.7629
Pepa Sport – půjčovna elektro koloběžek a kol,Pec pod Sněžkou / Krkonoše,Sport a relaxace / Ostatní letní sporty,Sport a relaxace / Ostatní letní sporty,,"                        
  
                      Půjčte si u nás e-koloběžku nebo e-kolo a vydejte se na nevšední jízdu po Krkonoších. Máte na výběr 8 doporučených tras, k vybrané trase pak dostanete leták s mapkou.    
     Koloběžku či kolo dostanete plně nabité, připravené ujet dle složitosti terénu až 60 km. Ovládají se snadno a jedou rychlostí až 25 km/h. K řízení nepotřebujete řidičský průkaz, platí pro ně stejná pravidla jako pro kola. Všechny stroje jsou perfektně seřízené a zkontrolované, takže šlapou jako hodinky.     
     Dobré vědět: Objemné pláště šířky 4” vás s kolem zavedou i na místa, kam byste s klasickým horalem nevyrazili. A v zimě Vás pláště s hroty podrží na sněhu i ledu.   
     Výroba, prodej a servis koloběžek Pepe Bike.   
   Prodej a servis koloběžek CROSCO včetně náhradních dílů.   
   Prodáváme také britské sportovní oblečení Dare2b a Regatta.   
     Více info o kolech a možnostech výletů naleznete na: www.pepasport.eu/pujcovna-elektro-fatbike   
     On line rezervace: https://rezervace.pepebike.eu/ 
  ",Královehradecký kraj,CZ052,Trutnov,CZ0525,Trutnov,5214,Pec pod Sněžkou,579581,Pec pod Sněžkou,300,č.p.,,54221,www.pepasport.eu,,,420 776 602 608,,,,info@pepasport.eu,,,POINT(50.68116000 15.40604028),15.40604028,50.68116,OLS32,32,1751261.7814,6567125.0438
Restaurace a bowling Olymp,Trutnov / Krkonoše,Ubytování a stravování / Stravování,Sport a relaxace / Ostatní letní sporty,,"Restaurace:Restaurace se nachází u hlavní silnice v Poříčí. Má mnoho parkovacích míst, MHD zastávka je 200 m od restaurace, lze využít levné taxi po Trutnově.     Každý den od 10:30 do 14:30 můžete využít rautové polední menu, kde si každý vybere. Cena se počítá dle váhy 26 Kč / 100g.  Součástí restaurace je vybavená školící místnost s projekčním plátnem. WIFI po celé restauraci je zdarma.  Bowling:V Olymplandu funguje profesionální bowling značky Qubica AMF, na kterém se hrají mezinárodní soutěže. Bowling mažou profesionální mazačkou Kustodian ION, která se také používá pro vrcholové soutěže.Dráhy mají automatické zábrany žlábků díky kterým může hrát celá rodina i dětmi na jedné dráze. Rodinnému prostředí také nahrává nekuřácké prostředí restaurace i bowlingu.  
 Ceník: 
 Po&ndash;Čt: 10:30&ndash;17:00  340 Kč, 17:00&ndash;01:00  400 Kč 
 Pá&ndash;So a svátky: 10:30&ndash;17:00   370 Kč, 17:00&ndash;01:00   450 Kč 
 Uvedené ceny jsou za hodinu hry pro maximálně 6 osob na jedné dráze, každá další osoba 50 Kč. 
   ",Královehradecký kraj,CZ052,Trutnov,CZ0525,Trutnov,5214,Trutnov,579025,Náchodská,530,č.p.,,54103,www.upolymp.cz,,,420 731 621 702,,,,olympland@upgroup.cz,,,POINT(50.57074806 15.94270694),15.94270694,50.57074806,OLS33,33,1774734.0184,6545712.4094
Sport Pec s.r.o.,Pec pod Sněžkou / Krkonoše,Sport a relaxace / Ostatní letní sporty,Sport a relaxace / Ostatní zimní sporty,,"Letní aktivity:  Půjčovna a testovací centrum elektrokol Scott, cykloservis. 
  Pravidelné trailové výběhy, testovaní bot Salomon 
 Outdoorový obchod nabízející potřeby pro sportovaní v okolí. 
  
 Zimní aktivity:   Půjčovna a testovací centrum skialpinistického vybavení Scott. 
  Pořádáme vzdělávací školení, kurzy zaměřené na skialpinismus a lavinové nebezpečí. 
  Půjčovna Fatbike Scott. 
   Půjčovna a testovací centrum sjezdových lyží Volkl, půjčovna snowboardů, sněžnic a dalšího vybavení. 
  
 ",Královehradecký kraj,CZ052,Trutnov,CZ0525,Trutnov,5214,Pec pod Sněžkou,579581,,344,,,54221,www.sportpec.cz,,,420 602 638 000,,,,info@sportpec.cz,,,POINT(50.69591750 15.73882556),15.73882556,50.6959175,OLS34,34,1752038.047,6567680.2951
Sport World & Americana Bar,Dvůr Králové nad Labem / Podkrkonoší,Ubytování a stravování / Stravování,Sport a relaxace / Ostatní letní sporty,,"Bowling, disco, biliard, šipky, fotbálek, flipper, pizza, speciality na grilu, míchané nápoje, káva, fresh a další. 
 Na jídelním lístku restaurace najdete širokou nabídku italské pizzy, masových specialit připravovaných na grilu,  několik druhů burgerů, ale i těstoviny, různé druhy zeleninových jídel a salátů. 
 Prostory restaurace jsou vhodné pro pořádání různých soukromých akcí, rodinných oslav, večírků, turnajů a rautů. 
 Rozvoz jídel. 
 ",Královehradecký kraj,CZ052,Trutnov,CZ0525,Dvůr Králové nad Labem,5203,Dvůr Králové nad Labem,579203,Vrchlického,735,č.p.,,54401,www.sportworld.cz,420 499 629 251,420499629252,420 602 405 828,,,,info@sportworld.cz,,,POINT(50.44464000 15.81609600),15.816096,50.44464,OLS35,35,1760639.7531,6523638.7349
Sportcentrum Olymp,Trutnov / Krkonoše,Sport a relaxace / Ostatní letní sporty,Sport a relaxace / Wellness a relaxace,,"Sortiment sportovních aktivit je rozsáhlý &ndash; najdete zde fitness, squash, ricochet, fotbal 2v2, badminton, dětský koutek, víceúčelovou halu (badminton, florbal, volejbal atd.) a zrcadlové sály na skupinové cvičení (BOSU, powerjoga, fitbox, powerbox, TRX, cvičení pro děti atd.) ",Královehradecký kraj,CZ052,Trutnov,CZ0525,Trutnov,5214,Trutnov,579025,Náchodská,531,č.p.,,54101,www.olymptrutnov.cz,,,420 739 994 455,,,,sportcentrumolymp@icloud.com,,,POINT(50.57074806 15.94270694),15.94270694,50.57074806,OLS36,36,1774734.0184,6545712.4094
Sportcentrum Teplice nad Metují,Teplice nad Metují / Broumovsko,Sport a relaxace / Ostatní letní sporty,,,"Sportcentrum Teplice nad Metují nabízí krytou nafukovací halu s povrchem z umělé trávy o rozměrech 51 x 36 m. Plochu lze rozdělit na tři tenisové, nohejbalové, volejbalové nebo bedmintonové kurty nebo na ní lze hrát fotbal, florbal, házenou, aj.  
 V zázemí objektu jsou kromě šaten, sprch, toalet, také squashový kurt, fitness a místnost na stolní tenis. Fitness je hotelového typu vybavené rotopedem, veslovacím trenažerem, crossovým trenažerem a posilovacími stroji (dvě posilovací věže, lavice a další pomůcky). 
 V recepci je k dispozici i občerstvení. 
 ",Královehradecký kraj,CZ052,Náchod,CZ0523,Broumov,5201,Teplice nad Metují,574538,Za školou,286,č.p.,,54957,www.sportcentrum.teplicenadmetuji.cz,,,420 775 055 563,,,,sportcentrum@teplicenadmetuji.cz,,,POINT(50.59537556 16.16720194),16.16720194,50.59537556,OLS37,37,1799724.6875,6550030.0443
Sportovní a rekreační areál Bret,Žacléř / Krkonoše,Sport a relaxace / Wellness a relaxace,Sport a relaxace / Ostatní letní sporty,Bez bariér / Služby,"V prostorách wellness můžete využít vířivou vanu, masážní vanu, saunu nebo se jen tak natáhnout a nechat se opečovávat pod rukama odborných masérů. 
  Kromě toho na vás zde čeká příjemná posilovna s moderním vybavením, ve které rádi necháte poslední zbytky energie.Pro příznivce relaxace a wellness jsou připraveny balíčky spojující wellness služby, pronájem jednotlivých sportovišť pro různá soustředění, až po služby cyklopůjčovny. 
 Areál Bret nabízí také možnost pronájmu školicí místnosti, či restaurace. 
 V letní sezoně vám nabízí bohaté sportovní vyžití. K dispozici jsou tyto sportoviště: 
 fotbalové hřiště s umělou trávou třetí generace2 tenisové kurty s umělou trávou2 hřiště na beach volejbalCeník naleznete ZDE  ",Královehradecký kraj,CZ052,Trutnov,CZ0525,Trutnov,5214,Žacléř,579874,Prkenný Důl,56,č.p.,,54201,www.bretcz.cz,420 499 776 154,,420 773 690 990,420734314530,,,dolezal@bretcz.cz,,,POINT(50.64296806 15.90691806),15.90691806,50.64296806,OLS38,38,1770750.0185,6558380.2539
Sportovní centrum mládeže Bavlna,Hradec Králové / Hradecko,Sport a relaxace / Ostatní letní sporty,,,"Hlavní dominantou areálu je architektonicky zajímavá tribuna pro 335 diváků, v jejím sousedství slouží nadějným fotbalistům také nový internát s kapacitou 45 lůžek + 6 bytových jednotek, který barevně ladí s tribunou, dále tři hřiště s umělým povrchem, dětské hřiště, atletická dráha a hlavní travnatá plocha. V areálu je i 80 metrová tartanová dráha, která je určena k základům atletiky, pískové doskočiště a hřiště na pétanque. 
 
V areálu se nachází následující objekty:  
 
- tribuna se zázemím pro 335 sedících diváků- ubytovna pro mládež &ndash; 4 podlaží s kapacitou 45 lůžek + 6 bytových jednotek- fotbalové hřiště s přírodní trávou o rozměru 76 x 115 m- minihřiště s umělou trávou o rozměru 42 x 62 m- 2 víceúčelová hřiště s umělým povrchem o rozměru 22 x 44 m- běžecká dráha, 4 dráhy 80 m + doskočiště- hřiště na pétanque- dětské hřiště  
 ",Královehradecký kraj,CZ052,Hradec Králové,CZ0521,Hradec Králové,5205,Hradec Králové,569810,Veverkova,1722,č.p.,2a,50002,http://www.fchk.cz/,420 495 515 532,,,,,420 495 511 485,fchk@fchk.cz,,,POINT(50.20525417 15.81509306),15.81509306,50.20525417,OLS39,39,1760528.1063,6481898.4196
Sportovní hala - Sportovní areál Jičín ,Jičín / Český ráj,Sport a relaxace / Ostatní letní sporty,,,"K dispozici je zde sportovní hala, tělocvična, judo sál s tatami, zrcadlový sál pro areobik, herna stolního tenisu, posilovna a solárium. Dále samozřejmě i zázemí (šatny, sprchy, vestibul), pro klidné sledování sportu v hale je k dispozici V.I.P. salonek, případně posezení při občerstvení. 
 
Více informací o jednotlivých tělocvičnách, obsazení a ceně zde:HalaTělocvičnaTělocvična JudoStolní tenisOstatní prostory 
 
Dále je zde v areálu sál pro aerobic, step aerobic, bodystyling, cvičení pro těhotné,  posilovna, solária..... 
 ",Královehradecký kraj,CZ052,Jičín,CZ0522,Jičín,5207,Jičín,572659,Revoluční,863,č.p.,,50601,www.sport-jicin.cz/vnitrni,420 493 533 462,420493531860,,,,420 493 533 462,posta@sport-jicin.cz,,,POINT(50.44066694 15.36333028),15.36333028,50.44066694,OLS40,40,1710238.1037,6522944.256
Sportovní hala Třebeš,Hradec Králové / Hradecko,Sport a relaxace / Ostatní letní sporty,,,"Sportovní hala Třebeš umožňuje tyto sporty: aerobic, basketbal (centrální hřiště, 2 x tréninkové hřiště), bojové sporty, cvičení na hudbu, florbal, futsal, házenou, judo, moderní gymnastiku, nohejbal (3 hřiště), sálový fotbal, stolní tenis, školní hry, volejbal (centrální kurt, 3 x tréninkový kurt), základní tělovýchovu 
 
V hale je k dispozici 396 míst k sezení, cca 150 míst na stání, rozměry haly jsou 46 x 23 m. 
 
Tréninková hala o rozměrech 33 x 15 m má vlastní ozvučení, gymnastický koberec a stěnu zrcadel 
 
Mezi další vybavení haly patří:  
 
- šatny pro sportující 8 x 18 skříněk- šatny pro rozhodčí: 2 x 6 skříněk- dětský koutek- press centrum / klubovna s připojením na internet- bufet/občerstvení - 30 míst (otevřen vždy na sportovní akce), kontakt na provozovatele: 736606245 - možnost domluvit stravování pro sportující a účastníky akcí- nápojový automat na teplé nápoje- fitness pro 8 osobWIFI připojení k internetu 
 
Základní sportovní vybavení na požádání k zápůjčce. Otevřeno od 7,00 &ndash; 22,00 hod. v týdnu, víkendy dle objednávek. 
 
Fitness je určeno maximálně 8 sportovcům na základě objednávek a je k dispozici po celou dobu otevírací doby sportovní haly. V místnosti fitness se nachází uzamykatelné skříňky pro osobní věci či převléknutí, klíče jsou k vyzvednutí na recepci, sprchování je možno po dohodě se správcem v momentálně volné šatně 1-6. 
 
Vybavení - protisměrné kladky, rotoped s opěrkou 2 x, posilovací věž, spinningové kolo 4 x, posilovací lavice 4 x, veslovací trenažér, multifunkční lavice, rehabilitační trenažér, stepper, posilovač nohou, sady závaží k tyčím i ručním činkám. 
 ",Královehradecký kraj,CZ052,Hradec Králové,CZ0521,Hradec Králové,5205,Hradec Králové,569810,Školská,148,č.p.,8,50011,https://www.tshk.cz/cs/o-spolecnosti/cinnosti-organizace/sportovni-hala-trebes,420 495 260 340,,420 733 677 735,,,420 495 402 655,"info@tshk.cz
lesak@tshk.cz",,,POINT(50.18995306 15.83813000),15.83813,50.18995306,OLS41,41,1763092.5667,6479237.5846
Squash - hotel Paříž,Jičín / Český ráj,Sport a relaxace / Ostatní letní sporty,,,"Kromě hotelových hostů je přístupný také široké veřejnosti a otevřeno je po celý den. 
 ",Královehradecký kraj,CZ052,Jičín,CZ0522,Jičín,5207,Jičín,572659,Žižkovo náměstí,3,č.p.,,50601,www.hotel-pariz-jicin.cz,420 493 532 750,,420 720 997 605,,,,info@hotel-pariz-jicin.cz,,,POINT(50.43646389 15.35463806),15.35463806,50.43646389,OLS42,42,1709270.4902,6522209.6391
Squash - penzion Hartaclub,Vrchlabí / Krkonoše,Sport a relaxace / Ostatní letní sporty,,,"Cena: 150 Kč / hodina 
 ",Královehradecký kraj,CZ052,Trutnov,CZ0525,Vrchlabí,5215,Vrchlabí,579858,Jana Opletala,154,č.p.,,54303,www.hartaclub.cz,,,420 777 928 794,,,,hartaclub@seznam.cz,,,POINT(50.59319806 15.61827194),15.61827194,50.59319806,OLS43,43,1738618.0794,6549648.1992
Squash - Victory club,Vrchlabí / Krkonoše,Sport a relaxace / Ostatní letní sporty,,,"Ceník: 
 9:00&ndash;13:00   170 Kč 
 13:00&ndash;17:00   210 Kč 
 17:00&ndash;23:00   240 Kč 
 Půjčovna:  
 squashová raketa   20 Kč 
 squashový míček   20 Kč 
 ",Královehradecký kraj,CZ052,Trutnov,CZ0525,Vrchlabí,5215,Vrchlabí,579858,V. Hálka,1154,č.p.,,54301,www.victoryclub.cz,420 499 423 910,420499423929,420 736 772 487,,,,m.kovarna@tiscali.cz,,,POINT(50.62447889 15.61145694),15.61145694,50.62447889,OLS44,44,1737859.4371,6555135.2843
"Squash centrum, Hradec Králové",Hradec Králové / Hradecko,Sport a relaxace / Ostatní letní sporty,,," 
 ",Královehradecký kraj,CZ052,Hradec Králové,CZ0521,Hradec Králové,5205,Hradec Králové,569810,Hradecká,1770,č.p.,14a,50012,http://www.squashhk.cz/,420 495 271 525,,420 604 777 722,,,,info@squashhk.cz,,,POINT(50.19599389 15.83482389),15.83482389,50.19599389,OLS45,45,1762724.5322,6480287.972
Squash v areálu Koupaliště Flošna,Hradec Králové / Hradecko,Sport a relaxace / Ostatní letní sporty,,,"Ceny se liší v hlavní sezóně, která je od září do května a v sezóně vedlejší – červen až srpen. Nejméně zaplatíte za kurty v dopoledních hodinách. Na recepci je možné zapůjčit si rovněž rakety, boty i míčky.  
 Rezervace kurtů on-line: www.snhk.cz/squash/, příp. telefonicky na č. 495 000 709 - recepce Wellness studia Flošna. 
 • slevy pro majitelé čipových hodinek (červených i modrých) 
 • 20% sleva do wellness po hodině squshe 
 • otevřeno každý den 
 ",Královehradecký kraj,CZ052,Hradec Králové,CZ0521,Hradec Králové,5205,Hradec Králové,569810,Malšovická,779,č.p.,,50009,www.snhk.cz/squash,420 495 000 709,420495000707,,,,,squash@snhk.cz,,,POINT(50.20520861 15.84226278),15.84226278,50.20520861,OLS46,46,1763552.6257,6481890.4956
Tenis – Hotel Pod Zvičinou,Dolní Brusnice / Podkrkonoší,Sport a relaxace / Ostatní letní sporty,,,"Je zde k dispozici multifunkční sportovní hřiště pro kolektivní sporty, přírodní koupaliště s vyhřívaným brouzdalištěm, dřevěné koupelové sudy HOT TUB, půjčovna sportovních potřeb, herní prvky pro děti (skluzavky, houpačky, pískoviště, prolézačky), minifarma s domácími zvířátky, která mohou děti rozmazlovat. 
 Ceník naleznete ZDE 
 ",Královehradecký kraj,CZ052,Trutnov,CZ0525,Dvůr Králové nad Labem,5203,Dolní Brusnice,554863,Dolní Brusnice,96,č.p.,,54472,www.hotelpodzvicinou.cz/relaxace-sport,420 499 396 381,,,,,,info@hotelpodzvicinou.cz,,,POINT(50.45024889 15.71540306),15.71540306,50.45024889,OLS47,47,1749430.6663,6524619.2512
Tenis - Sportovní areál Jičín,Jičín / Český ráj,Sport a relaxace / Ostatní letní sporty,,,Kromě sedmi antukových kurtů a jednoho asfaltového je zde k dispozici i cvičná stěna.,Královehradecký kraj,CZ052,Jičín,CZ0522,Jičín,5207,Jičín,572659,Revoluční,863,č.p.,,50601,www.sport-jicin.cz,420 493 533 462,420493531860,,,,420 493 533 462,posta@sport-jicin.cz,,,POINT(50.44066694 15.36333028),15.36333028,50.44066694,OLS48,48,1710238.1037,6522944.256
Tenis centrum Nová Paka,Nová Paka / Český ráj,Sport a relaxace / Ostatní letní sporty,,,"TENIS CENTRUM Nová Paka pro širokou veřejnost nabízí:- pronájem antukových dvorců (80 Kč/1 hod) a cvičné stěny- trenérská činnost pro děti i dospělé- sparring- tenisová školička a celoroční kurzy- tenisové soustředění a tábory - rekreační a výkonnostní tenis dětí a dospělých- firemní liga nejen pro firmy- pořádání firemních akcí a turnajů- vyplétání tenisových raket- možnost zapůjčení tenisového vybavení. 
 
Rezervaci dvorců je možné provádět On-line, telefonicky ( +420 774 330 238 ) nebo osobně ve sportovním areálu. 
 
Dvorce jsou každý den pravidelně a pečlivě udržovány tak, aby měli všichni hráči možnost zahrát si na kvalitním povrchu. 
 
Jestliže se chcete stále zdokonalovat ve svých tenisových dovednostech anebo jste naopak tenisoví začátečníci či nemáte stálé spoluhráče využijte nabídky  -  hry s trenéry. Je zde k  dispozici 5 trenérů (II. třídy a III. třídy). Jejich odborné znalosti a péče určitě přispějí k Vašemu výkonnostnímu vzestupu. 
 ",Královehradecký kraj,CZ052,Jičín,CZ0522,Nová Paka,5210,Nová Paka,573248,Havlova,,,,50901,www.tenisnp.cz,,,420 605 830 770,420774330238,420604774110,,teniscentrum@atlas.cz,,,POINT(50.49307667 15.50830861),15.50830861,50.49307667,OLS49,49,1726377.0175,6532110.0107
Tenisové kurty - hotel Aurum,Černý Důl / Krkonoše,Sport a relaxace / Ostatní letní sporty,,,,Královehradecký kraj,CZ052,Trutnov,CZ0525,Vrchlabí,5215,Černý Důl,579114,,,,,54344,www.hotel-aurum.cz,420 499 435 169,,420 731 502 616,420605111221,,,rezervace@hotel-aurum.cz,zdenek.kunes@hotel-aurum.cz,,POINT(50.63421917 15.71213444),15.71213444,50.63421917,OLS50,50,1749066.8051,6556844.6077
Tenisový areál Trutnov,Trutnov / Krkonoše,Sport a relaxace / Ostatní letní sporty,,,"Provoz venkovních tenisových kurtů květen&ndash;říjen (dle klimatických podmínek). Více info ZDE. Provoz haly listopad&ndash;březen, více info ZDE.Rezervační systém a ceník",Královehradecký kraj,CZ052,Trutnov,CZ0525,Trutnov,5214,Trutnov,579025,Na Lukách,457,č.p.,,54101,www.sportoviste-trutnov.cz,,,420 731 516 744,,,,tenis@mebys.cz,,,POINT(50.5644300 15.9275814),15.9275814,50.56443,OLS51,51,1773050.251,6544605.1059
Tenisový areál Vrchlabí,Vrchlabí / Krkonoše,Sport a relaxace / Ostatní letní sporty,Sport a relaxace / Ostatní letní sporty,,"Tenisový areál nabízí ty nejlepší podmínky pro sportovní vyžití každého příznivce tohoto sportu. Navštivte sportovní centrum a využijte kvalitních služeb moderního areálu v centru Krkonoš.  
  
 Tenisový areál poskytuje pro příznivce tenisu 3 otevřené antukové kurty &ndash; ""Sibera system"" pro letní využití, 2 tenisové kurty s moderním povrchem Euro Clay pro celoroční využití, v zimě kryté nafukovací halou. 
 Součástí tenisového areálu je budova se sociálním zázemím a restaurací. V rámci areálu je možný pronájem tenisových kurtů pro jednotlivce a firmy, možnost organizovat tenisové soustředění, kempy, případně půjčování základní tenisové výstroje. 
  
 V areálu najdete také restauraci. Restaurace a bar je nekuřácká s velkou terasou, kde si můžete příjemně posedět na čerstvém krkonošském vzduchu s výhledem na tenisové kurty a přilehlý rybník. 
 ",Královehradecký kraj,CZ052,Trutnov,CZ0525,Vrchlabí,5215,Vrchlabí,579858,Valteřická,1639,č.p.,,54301,www.tenisvrchlabi.cz,,,420 728 889 451,,,,tkucera@c-box.cz,,,POINT(50.62013778 15.60076194),15.60076194,50.62013778,OLS52,52,1736668.8751,6554373.5762
Tenisový klub Sobotka,Sobotka / Český ráj,Sport a relaxace / Ostatní letní sporty,,,"Ke kurtům se dostanete, pokud se na náměstí dáte směrem na Turnov a potom na další křižovatce směrem na Mladějov. (vše je značeno) Pak už se stačí držet jen hlavní silnice a přijedete až ke kurtům. (kurty leží až za značkou, značící konec Sobotky). 
 
",Královehradecký kraj,CZ052,Jičín,CZ0522,Jičín,5207,Sobotka,573493,,,,,50743,www.tksobotka.er.cz,,,420 604 455 617,420607657868,420774630409,,,,,POINT(50.46890472 15.17951556),15.17951556,50.46890472,OLS53,53,1689775.9426,6527881.4005
Tenisový klub TJ Jičín,Jičín / Český ráj,Sport a relaxace / Ostatní letní sporty,,," 
 ",Královehradecký kraj,CZ052,Jičín,CZ0522,Jičín,5207,Jičín,572659,kpt.Jaroše ,49,č.p.,,50601,www.tenis-jicin.cz,,,420 737 233 649,,,,suchanek@sport-jicin.cz,ladislav.obornik@iol.cz,,POINT(50.43423139 15.34818056),15.34818056,50.43423139,OLS54,54,1708551.6445,6521819.465
Tenisový kurt - penzion Hartaclub,Vrchlabí / Krkonoše,Sport a relaxace / Ostatní letní sporty,,," 
 ",Královehradecký kraj,CZ052,Trutnov,CZ0525,Vrchlabí,5215,Vrchlabí,579858,Jana Opletala,154,č.p.,,54303,www.hartaclub.cz,,,420 777 928 794,,,,hartaclub@seznam.cz,,,POINT(50.59305556 15.61777778),15.61777778,50.59305556,OLS55,55,1738563.0698,6549623.2111
Tennis club,Dvůr Králové nad Labem / Podkrkonoší,Sport a relaxace / Ostatní letní sporty,,,"Používání tenisových kurtů a tenisové haly je dovoleno pouze v provozní době po zaplacení členských poplatků a příspěvků nebo hracího poplatku, který si návštěvník zakoupí u správce kurtůV areálu tenisového klubu se nachází apartmán pro 6 osob. 
 Ceník a rezervační systém 
 ",Královehradecký kraj,CZ052,Trutnov,CZ0525,Dvůr Králové nad Labem,5203,Dvůr Králové nad Labem,579203,17. listopadu,485,č.p.,,54401,www.tcdvurkralove.cz,,,420 603 532 598,,,,tennis.dk@seznam.cz,,,POINT(50.42608000 15.81890200),15.818902,50.42608,OLS56,56,1760952.1155,6520395.0028
Terénní koloběžky - Yellow Point,Špindlerův Mlýn / Krkonoše,Sport a relaxace / Ostatní letní sporty,,,"S veškerou nezbytnou výbavou a za doprovodu instruktora se vydáte lanovkou na Medvědín, odkud vás pak čeká nevídaný sjezd, jak po asfaltových, tak i lesních cestách zpět do centra Špindlerova Mlýna přes hřeben Medvědína. 
  
 Terénní koloběžky:  250 Kč cca 2 hodiny, instruktor, helma, koloběžka, lanovka  ",Královehradecký kraj,CZ052,Trutnov,CZ0525,Vrchlabí,5215,Špindlerův Mlýn,579742,Špindlerův Mlýn,278,č.p.,,54351,www.yellow-point.cz/sportovni-aktivity/spindleruv-mlyn/terenni-kolobezky_14,420 499 433 505,,420 731 160 152,,,,office@ypoint.cz,,,POINT(50.72506861 15.60907583),15.60907583,50.72506861,OLS57,57,1737594.3731,6572804.8786
TJ Slavia Hradec Králové,Hradec Králové / Hradecko,Sport a relaxace / Ostatní letní sporty,,,"TJ Slavia je jednou z největších tělovýchovných jednot v okrese. Nabízí prostory pro sportovní zápasy, turnaje a jiné akce.  
 ",Královehradecký kraj,CZ052,Hradec Králové,CZ0521,Hradec Králové,5205,Hradec Králové,569810,Víta Nejedlého,1216,č.p.,,50003,www.slaviahk.cz,420 495 514 273,,420 605 238 224,,,,sekretariat@slaviahk.cz,,,POINT(50.21045389 15.84306111),15.84306111,50.21045389,OLS58,58,1763641.4954,6482802.8356
Venkovní sportoviště - Sportovní areál Jičín,Jičín / Český ráj,Sport a relaxace / Ostatní letní sporty,,,,Královehradecký kraj,CZ052,Jičín,CZ0522,Jičín,5207,Jičín,572659,Revoluční,863,č.p.,,50601,www.sport-jicin.cz,420 493 533 462,420493531860,,,,,posta@sport-jicin.cz,,,POINT(50.44066694 15.36333028),15.36333028,50.44066694,OLS59,59,1710238.1037,6522944.256
Victory Club,Vrchlabí / Krkonoše,Kultura a zábava / Kluby,Sport a relaxace / Ostatní letní sporty,,"Kromě dvou barů, herny a fitness centra zde můžete využít tři bowlingové dráhy, nebo si zasportovat ve squash aréně. 
 Victory Club nabízí i další možnosti jako je např. Tipsport bar, provoz sauny, fitness studio a solárium. V areálu Victory Clubu je také možné pořádání různých soukromých i veřejných akcí, diskoték apod. 
 V clubu je možné dopřát si odpočinek a relax při masážích. 
 Nejen pro pravidelné návštěvníky je připravena klubová karta, která umožňuje 10% slevu při každé návštěvě fitness, sauny a squashe, tuto klubovou kartu lze zakoupit přímo ve Victory Clubu za pouhých 100 Kč. 
  ",Královehradecký kraj,CZ052,Trutnov,CZ0525,Vrchlabí,5215,Vrchlabí,579858,V. Hálka,1154,č.p.,,54301,www.victoryclub.cz,420 499 423 910,420499423929,420 736 772 487,,,,m.kovarna@tiscali.cz,,,POINT(50.62447694 15.61133500),15.611335,50.62447694,OLS60,60,1737845.8628,6555134.9421
Volejbalové kurty Dřevěnice,Dřevěnice / Český ráj,Sport a relaxace / Ostatní letní sporty,,,"10 antukových a 2 plážové kurty.V blízkosti volejbalových kurtů se nachází parkoviště.Po domluvě je možné zařídit občerstvení. 
 
Nutná telefonická rezervace - pan Kopecký 737 488 546 
 ",Královehradecký kraj,CZ052,Jičín,CZ0522,Jičín,5207,Dřevěnice,573337,,,,,50713,www.volejbalovadrevenice.cz,420 737 488 546,,,,,,,,,POINT(50.45224806 15.44905500),15.449055,50.45224806,OLS61,61,1719780.9358,6524968.7635
